,Aj,Bj,Aa,Ba
0,-97.42912759299264,4.41918912711381,-25.305336233442937,0.96325633600313
1,-97.42912759299264,-4.41918912711381,-25.305336233442937,0.96325633600313
2,-97.42912759299264,4.41918912711381,-25.305336233442937,-0.96325633600313
3,-97.42912759299264,-4.41918912711381,-25.305336233442937,-0.96325633600313
4,-44.218513296469965,0.4169311341979898,-74.25411581260636,53.932766772883696
5,-44.218513296469965,-0.4169311341979898,-74.25411581260636,53.932766772883696
6,-44.218513296469965,0.4169311341979898,-74.25411581260636,-53.932766772883696
7,-44.218513296469965,-0.4169311341979898,-74.25411581260636,-53.932766772883696
8,-42.229748990296606,37.99792472147289,-51.2140680844041,6.9313172902698605
9,-42.229748990296606,-37.99792472147289,-51.2140680844041,6.9313172902698605
10,-42.229748990296606,37.99792472147289,-51.2140680844041,-6.9313172902698605
11,-42.229748990296606,-37.99792472147289,-51.2140680844041,-6.9313172902698605
12,-128.86616247361013,8.396626530782148,-41.559925680143465,1.8768807241349694
13,-128.86616247361013,-8.396626530782148,-41.559925680143465,1.8768807241349694
14,-128.86616247361013,8.396626530782148,-41.559925680143465,-1.8768807241349694
15,-128.86616247361013,-8.396626530782148,-41.559925680143465,-1.8768807241349694
16,-13.085036553765955,2.3054502237104493,-35.0502594124199,22.266235505597
17,-13.085036553765955,-2.3054502237104493,-35.0502594124199,22.266235505597
18,-13.085036553765955,2.3054502237104493,-35.0502594124199,-22.266235505597
19,-13.085036553765955,-2.3054502237104493,-35.0502594124199,-22.266235505597
20,-136.08748083325008,0.16119195911379025,-36.79044660104298,21.89907982431441
21,-136.08748083325008,-0.16119195911379025,-36.79044660104298,21.89907982431441
22,-136.08748083325008,0.16119195911379025,-36.79044660104298,-21.89907982431441
23,-136.08748083325008,-0.16119195911379025,-36.79044660104298,-21.89907982431441
24,-138.4660217395093,1.313480975684782,-1.7872021255852544,0.04262364807833035
25,-138.4660217395093,-1.313480975684782,-1.7872021255852544,0.04262364807833035
26,-138.4660217395093,1.313480975684782,-1.7872021255852544,-0.04262364807833035
27,-138.4660217395093,-1.313480975684782,-1.7872021255852544,-0.04262364807833035
28,-47.258279601407736,16.844528736801763,-130.06418119380098,6.612288253973838
29,-47.258279601407736,-16.844528736801763,-130.06418119380098,6.612288253973838
30,-47.258279601407736,16.844528736801763,-130.06418119380098,-6.612288253973838
31,-47.258279601407736,-16.844528736801763,-130.06418119380098,-6.612288253973838
32,-61.8684741432979,26.27045809395114,-62.06936602126986,49.016831850079704
33,-61.8684741432979,-26.27045809395114,-62.06936602126986,49.016831850079704
34,-61.8684741432979,26.27045809395114,-62.06936602126986,-49.016831850079704
35,-61.8684741432979,-26.27045809395114,-62.06936602126986,-49.016831850079704
36,-76.17658604814862,0.08972991383027162,-27.598375167052364,10.549153472074702
37,-76.17658604814862,-0.08972991383027162,-27.598375167052364,10.549153472074702
38,-76.17658604814862,0.08972991383027162,-27.598375167052364,-10.549153472074702
39,-76.17658604814862,-0.08972991383027162,-27.598375167052364,-10.549153472074702
40,-135.8990962256185,2.8876350059850333,-76.96367887606011,23.167110066505657
41,-135.8990962256185,-2.8876350059850333,-76.96367887606011,23.167110066505657
42,-135.8990962256185,2.8876350059850333,-76.96367887606011,-23.167110066505657
43,-135.8990962256185,-2.8876350059850333,-76.96367887606011,-23.167110066505657
44,-37.97645962785291,5.582566880031287,-91.36358939205242,18.437025800034657
45,-37.97645962785291,-5.582566880031287,-91.36358939205242,18.437025800034657
46,-37.97645962785291,5.582566880031287,-91.36358939205242,-18.437025800034657
47,-37.97645962785291,-5.582566880031287,-91.36358939205242,-18.437025800034657
48,-27.834892625018806,6.949379082697163,-4.690886812857096,1.4780954418864212
49,-27.834892625018806,-6.949379082697163,-4.690886812857096,1.4780954418864212
50,-27.834892625018806,6.949379082697163,-4.690886812857096,-1.4780954418864212
51,-27.834892625018806,-6.949379082697163,-4.690886812857096,-1.4780954418864212
52,-9.11024582976191,8.157571389521435,-36.51546633045663,15.148464041091568
53,-9.11024582976191,-8.157571389521435,-36.51546633045663,15.148464041091568
54,-9.11024582976191,8.157571389521435,-36.51546633045663,-15.148464041091568
55,-9.11024582976191,-8.157571389521435,-36.51546633045663,-15.148464041091568
56,-47.562771863728884,19.839743403501767,-47.34787809817836,12.503465190565166
57,-47.562771863728884,-19.839743403501767,-47.34787809817836,12.503465190565166
58,-47.562771863728884,19.839743403501767,-47.34787809817836,-12.503465190565166
59,-47.562771863728884,-19.839743403501767,-47.34787809817836,-12.503465190565166
60,-55.98919395538066,23.65453931795042,-125.74571456031676,4.317728476241064
61,-55.98919395538066,-23.65453931795042,-125.74571456031676,4.317728476241064
62,-55.98919395538066,23.65453931795042,-125.74571456031676,-4.317728476241064
63,-55.98919395538066,-23.65453931795042,-125.74571456031676,-4.317728476241064
64,-15.878475585582553,5.176129443937841,-136.95636969222502,0.988000591020613
65,-15.878475585582553,-5.176129443937841,-136.95636969222502,0.988000591020613
66,-15.878475585582553,5.176129443937841,-136.95636969222502,-0.988000591020613
67,-15.878475585582553,-5.176129443937841,-136.95636969222502,-0.988000591020613
68,-124.77038697494238,11.774536654659173,-46.793705084332686,10.957682553867548
69,-124.77038697494238,-11.774536654659173,-46.793705084332686,10.957682553867548
70,-124.77038697494238,11.774536654659173,-46.793705084332686,-10.957682553867548
71,-124.77038697494238,-11.774536654659173,-46.793705084332686,-10.957682553867548
72,-21.86437681414371,7.387163715905169,-81.34268258522893,10.082357795845013
73,-21.86437681414371,-7.387163715905169,-81.34268258522893,10.082357795845013
74,-21.86437681414371,7.387163715905169,-81.34268258522893,-10.082357795845013
75,-21.86437681414371,-7.387163715905169,-81.34268258522893,-10.082357795845013
76,-104.32779182950652,34.57410182375287,-107.05205058959906,29.47577836258448
77,-104.32779182950652,-34.57410182375287,-107.05205058959906,29.47577836258448
78,-104.32779182950652,34.57410182375287,-107.05205058959906,-29.47577836258448
79,-104.32779182950652,-34.57410182375287,-107.05205058959906,-29.47577836258448
80,-4.7701267469761355,3.631000952583303,-18.13349063705875,7.754722914157675
81,-4.7701267469761355,-3.631000952583303,-18.13349063705875,7.754722914157675
82,-4.7701267469761355,3.631000952583303,-18.13349063705875,-7.754722914157675
83,-4.7701267469761355,-3.631000952583303,-18.13349063705875,-7.754722914157675
84,-9.278907770973568,0.0723129466229904,-5.575063295408111,4.78584309836535
85,-9.278907770973568,-0.0723129466229904,-5.575063295408111,4.78584309836535
86,-9.278907770973568,0.0723129466229904,-5.575063295408111,-4.78584309836535
87,-9.278907770973568,-0.0723129466229904,-5.575063295408111,-4.78584309836535
88,-80.87414490330634,5.242970222179592,-131.15689693441735,2.423836980974676
89,-80.87414490330634,-5.242970222179592,-131.15689693441735,2.423836980974676
90,-80.87414490330634,5.242970222179592,-131.15689693441735,-2.423836980974676
91,-80.87414490330634,-5.242970222179592,-131.15689693441735,-2.423836980974676
92,-35.35435840207574,31.728318245159006,-135.3160859040077,1.9963447060751878
93,-35.35435840207574,-31.728318245159006,-135.3160859040077,1.9963447060751878
94,-35.35435840207574,31.728318245159006,-135.3160859040077,-1.9963447060751878
95,-35.35435840207574,-31.728318245159006,-135.3160859040077,-1.9963447060751878
96,-79.22848659179739,25.656458236720994,-44.082417589185326,35.54069144255607
97,-79.22848659179739,-25.656458236720994,-44.082417589185326,35.54069144255607
98,-79.22848659179739,25.656458236720994,-44.082417589185326,-35.54069144255607
99,-79.22848659179739,-25.656458236720994,-44.082417589185326,-35.54069144255607
100,-107.65762729053792,28.95087496255898,-119.16552498061587,3.566248992798523
101,-107.65762729053792,-28.95087496255898,-119.16552498061587,3.566248992798523
102,-107.65762729053792,28.95087496255898,-119.16552498061587,-3.566248992798523
103,-107.65762729053792,-28.95087496255898,-119.16552498061587,-3.566248992798523
104,-128.20428979584614,9.709232202125298,-69.49509095055669,65.26418803751304
105,-128.20428979584614,-9.709232202125298,-69.49509095055669,65.26418803751304
106,-128.20428979584614,9.709232202125298,-69.49509095055669,-65.26418803751304
107,-128.20428979584614,-9.709232202125298,-69.49509095055669,-65.26418803751304
108,-48.61105823802015,16.365931659291153,-28.542617151373953,27.29153971290728
109,-48.61105823802015,-16.365931659291153,-28.542617151373953,27.29153971290728
110,-48.61105823802015,16.365931659291153,-28.542617151373953,-27.29153971290728
111,-48.61105823802015,-16.365931659291153,-28.542617151373953,-27.29153971290728
112,-7.680425067426264,5.4698078030043575,-79.07783844753394,21.035797650021497
113,-7.680425067426264,-5.4698078030043575,-79.07783844753394,21.035797650021497
114,-7.680425067426264,5.4698078030043575,-79.07783844753394,-21.035797650021497
115,-7.680425067426264,-5.4698078030043575,-79.07783844753394,-21.035797650021497
116,-42.488213086470445,35.95241101976666,-80.58702289630568,37.23197780378498
117,-42.488213086470445,-35.95241101976666,-80.58702289630568,37.23197780378498
118,-42.488213086470445,35.95241101976666,-80.58702289630568,-37.23197780378498
119,-42.488213086470445,-35.95241101976666,-80.58702289630568,-37.23197780378498
120,-75.77368535393245,27.427899765953466,-41.98771258721124,13.039222532885978
121,-75.77368535393245,-27.427899765953466,-41.98771258721124,13.039222532885978
122,-75.77368535393245,27.427899765953466,-41.98771258721124,-13.039222532885978
123,-75.77368535393245,-27.427899765953466,-41.98771258721124,-13.039222532885978
124,-119.35165297925683,19.89754551266586,-134.93454274261978,3.8506051856247594
125,-119.35165297925683,-19.89754551266586,-134.93454274261978,3.8506051856247594
126,-119.35165297925683,19.89754551266586,-134.93454274261978,-3.8506051856247594
127,-119.35165297925683,-19.89754551266586,-134.93454274261978,-3.8506051856247594
128,-26.36554380413114,9.706423821539802,-62.854688255029366,24.936224453987464
129,-26.36554380413114,-9.706423821539802,-62.854688255029366,24.936224453987464
130,-26.36554380413114,9.706423821539802,-62.854688255029366,-24.936224453987464
131,-26.36554380413114,-9.706423821539802,-62.854688255029366,-24.936224453987464
132,-86.3029036546402,1.731819432617521,-93.79928699826326,33.00287424609673
133,-86.3029036546402,-1.731819432617521,-93.79928699826326,33.00287424609673
134,-86.3029036546402,1.731819432617521,-93.79928699826326,-33.00287424609673
135,-86.3029036546402,-1.731819432617521,-93.79928699826326,-33.00287424609673
136,-99.8019372526116,12.372664654341557,-31.80381011373348,10.043849674468595
137,-99.8019372526116,-12.372664654341557,-31.80381011373348,10.043849674468595
138,-99.8019372526116,12.372664654341557,-31.80381011373348,-10.043849674468595
139,-99.8019372526116,-12.372664654341557,-31.80381011373348,-10.043849674468595
140,-100.51416787473254,23.47851274280463,-95.5973200116744,39.04161523563093
141,-100.51416787473254,-23.47851274280463,-95.5973200116744,39.04161523563093
142,-100.51416787473254,23.47851274280463,-95.5973200116744,-39.04161523563093
143,-100.51416787473254,-23.47851274280463,-95.5973200116744,-39.04161523563093
144,-35.4837266423574,23.38478741257133,-76.52661822611392,2.823416288328076
145,-35.4837266423574,-23.38478741257133,-76.52661822611392,2.823416288328076
146,-35.4837266423574,23.38478741257133,-76.52661822611392,-2.823416288328076
147,-35.4837266423574,-23.38478741257133,-76.52661822611392,-2.823416288328076
148,-101.29047841466398,19.505203542677513,-28.651787907366227,9.334912441769387
149,-101.29047841466398,-19.505203542677513,-28.651787907366227,9.334912441769387
150,-101.29047841466398,19.505203542677513,-28.651787907366227,-9.334912441769387
151,-101.29047841466398,-19.505203542677513,-28.651787907366227,-9.334912441769387
152,-85.31906906983421,49.326222424032125,-108.3862444003116,15.070258820041346
153,-85.31906906983421,-49.326222424032125,-108.3862444003116,15.070258820041346
154,-85.31906906983421,49.326222424032125,-108.3862444003116,-15.070258820041346
155,-85.31906906983421,-49.326222424032125,-108.3862444003116,-15.070258820041346
156,-101.83266942160361,33.61368652828843,-60.64888078030955,60.589699681228886
157,-101.83266942160361,-33.61368652828843,-60.64888078030955,60.589699681228886
158,-101.83266942160361,33.61368652828843,-60.64888078030955,-60.589699681228886
159,-101.83266942160361,-33.61368652828843,-60.64888078030955,-60.589699681228886
160,-41.36924146420836,7.826152004672663,-38.224675215704906,1.3707958617376133
161,-41.36924146420836,-7.826152004672663,-38.224675215704906,1.3707958617376133
162,-41.36924146420836,7.826152004672663,-38.224675215704906,-1.3707958617376133
163,-41.36924146420836,-7.826152004672663,-38.224675215704906,-1.3707958617376133
164,-127.35454321920703,6.404229097578541,-28.083855382012587,27.333738518738368
165,-127.35454321920703,-6.404229097578541,-28.083855382012587,27.333738518738368
166,-127.35454321920703,6.404229097578541,-28.083855382012587,-27.333738518738368
167,-127.35454321920703,-6.404229097578541,-28.083855382012587,-27.333738518738368
168,-40.09435007268539,27.93900341108851,-16.508634727286303,0.29962204953998217
169,-40.09435007268539,-27.93900341108851,-16.508634727286303,0.29962204953998217
170,-40.09435007268539,27.93900341108851,-16.508634727286303,-0.29962204953998217
171,-40.09435007268539,-27.93900341108851,-16.508634727286303,-0.29962204953998217
172,-64.19208178907463,4.258446315137317,-19.53914093187104,4.17809099471399
173,-64.19208178907463,-4.258446315137317,-19.53914093187104,4.17809099471399
174,-64.19208178907463,4.258446315137317,-19.53914093187104,-4.17809099471399
175,-64.19208178907463,-4.258446315137317,-19.53914093187104,-4.17809099471399
176,-95.96509300412659,13.162742192681058,-128.89443959585023,2.9565838050267916
177,-95.96509300412659,-13.162742192681058,-128.89443959585023,2.9565838050267916
178,-95.96509300412659,13.162742192681058,-128.89443959585023,-2.9565838050267916
179,-95.96509300412659,-13.162742192681058,-128.89443959585023,-2.9565838050267916
180,-129.44092641420946,5.513849460909928,-5.5651968024133485,0.2199023072136186
181,-129.44092641420946,-5.513849460909928,-5.5651968024133485,0.2199023072136186
182,-129.44092641420946,5.513849460909928,-5.5651968024133485,-0.2199023072136186
183,-129.44092641420946,-5.513849460909928,-5.5651968024133485,-0.2199023072136186
184,-40.77656373232644,14.820762259126077,-74.51113721959103,3.776857797035859
185,-40.77656373232644,-14.820762259126077,-74.51113721959103,3.776857797035859
186,-40.77656373232644,14.820762259126077,-74.51113721959103,-3.776857797035859
187,-40.77656373232644,-14.820762259126077,-74.51113721959103,-3.776857797035859
188,-116.97394116242683,14.065868027642534,-15.239009888399087,5.260120121933369
189,-116.97394116242683,-14.065868027642534,-15.239009888399087,5.260120121933369
190,-116.97394116242683,14.065868027642534,-15.239009888399087,-5.260120121933369
191,-116.97394116242683,-14.065868027642534,-15.239009888399087,-5.260120121933369
192,-20.574332190076316,11.213600690079426,-37.802971042056875,5.393587917537286
193,-20.574332190076316,-11.213600690079426,-37.802971042056875,5.393587917537286
194,-20.574332190076316,11.213600690079426,-37.802971042056875,-5.393587917537286
195,-20.574332190076316,-11.213600690079426,-37.802971042056875,-5.393587917537286
196,-4.987039403524904,1.4763489275996564,-59.567390221794035,15.789880913963119
197,-4.987039403524904,-1.4763489275996564,-59.567390221794035,15.789880913963119
198,-4.987039403524904,1.4763489275996564,-59.567390221794035,-15.789880913963119
199,-4.987039403524904,-1.4763489275996564,-59.567390221794035,-15.789880913963119
200,-55.255075164397084,20.953677853571868,-34.05565656662947,31.00780421154507
201,-55.255075164397084,-20.953677853571868,-34.05565656662947,31.00780421154507
202,-55.255075164397084,20.953677853571868,-34.05565656662947,-31.00780421154507
203,-55.255075164397084,-20.953677853571868,-34.05565656662947,-31.00780421154507
204,-117.18545022337486,20.826112907606458,-43.26325665987277,5.744205337977803
205,-117.18545022337486,-20.826112907606458,-43.26325665987277,5.744205337977803
206,-117.18545022337486,20.826112907606458,-43.26325665987277,-5.744205337977803
207,-117.18545022337486,-20.826112907606458,-43.26325665987277,-5.744205337977803
208,-76.26286887140408,44.352353467538194,-63.71797673353158,25.817358618719886
209,-76.26286887140408,-44.352353467538194,-63.71797673353158,25.817358618719886
210,-76.26286887140408,44.352353467538194,-63.71797673353158,-25.817358618719886
211,-76.26286887140408,-44.352353467538194,-63.71797673353158,-25.817358618719886
212,-54.70984495518246,52.332766327001096,-81.39225144204858,34.65910106911157
213,-54.70984495518246,-52.332766327001096,-81.39225144204858,34.65910106911157
214,-54.70984495518246,52.332766327001096,-81.39225144204858,-34.65910106911157
215,-54.70984495518246,-52.332766327001096,-81.39225144204858,-34.65910106911157
216,-119.57272634831706,16.883323838225675,-46.8231301956184,15.781926765153834
217,-119.57272634831706,-16.883323838225675,-46.8231301956184,15.781926765153834
218,-119.57272634831706,16.883323838225675,-46.8231301956184,-15.781926765153834
219,-119.57272634831706,-16.883323838225675,-46.8231301956184,-15.781926765153834
220,-93.69899612107965,28.100698047651058,-103.78066966778393,22.58722861157922
221,-93.69899612107965,-28.100698047651058,-103.78066966778393,22.58722861157922
222,-93.69899612107965,28.100698047651058,-103.78066966778393,-22.58722861157922
223,-93.69899612107965,-28.100698047651058,-103.78066966778393,-22.58722861157922
224,-8.244521112185954,2.208339307339469,-131.87885413957105,3.204130451791962
225,-8.244521112185954,-2.208339307339469,-131.87885413957105,3.204130451791962
226,-8.244521112185954,2.208339307339469,-131.87885413957105,-3.204130451791962
227,-8.244521112185954,-2.208339307339469,-131.87885413957105,-3.204130451791962
228,-25.05852512160435,21.683808251998244,-23.31593266369297,15.744580863044154
229,-25.05852512160435,-21.683808251998244,-23.31593266369297,15.744580863044154
230,-25.05852512160435,21.683808251998244,-23.31593266369297,-15.744580863044154
231,-25.05852512160435,-21.683808251998244,-23.31593266369297,-15.744580863044154
232,-47.06007459991638,32.19452567328831,-132.77642436820108,1.8294391121111897
233,-47.06007459991638,-32.19452567328831,-132.77642436820108,1.8294391121111897
234,-47.06007459991638,32.19452567328831,-132.77642436820108,-1.8294391121111897
235,-47.06007459991638,-32.19452567328831,-132.77642436820108,-1.8294391121111897
236,-41.64567947556032,5.120358946210707,-68.77032563709115,3.922140144127867
237,-41.64567947556032,-5.120358946210707,-68.77032563709115,3.922140144127867
238,-41.64567947556032,5.120358946210707,-68.77032563709115,-3.922140144127867
239,-41.64567947556032,-5.120358946210707,-68.77032563709115,-3.922140144127867
240,-105.684779562744,8.93237299867375,-116.62527487823978,2.282659203604411
241,-105.684779562744,-8.93237299867375,-116.62527487823978,2.282659203604411
242,-105.684779562744,8.93237299867375,-116.62527487823978,-2.282659203604411
243,-105.684779562744,-8.93237299867375,-116.62527487823978,-2.282659203604411
244,-130.50593759356133,8.888091188050977,-126.06115906276084,5.824990101064641
245,-130.50593759356133,-8.888091188050977,-126.06115906276084,5.824990101064641
246,-130.50593759356133,8.888091188050977,-126.06115906276084,-5.824990101064641
247,-130.50593759356133,-8.888091188050977,-126.06115906276084,-5.824990101064641
248,-133.3616571381914,0.5425499721735308,-96.27070994192557,31.70826316633492
249,-133.3616571381914,-0.5425499721735308,-96.27070994192557,31.70826316633492
250,-133.3616571381914,0.5425499721735308,-96.27070994192557,-31.70826316633492
251,-133.3616571381914,-0.5425499721735308,-96.27070994192557,-31.70826316633492
252,-84.72127727876287,4.469692820565491,-112.93954742819687,14.167717820075266
253,-84.72127727876287,-4.469692820565491,-112.93954742819687,14.167717820075266
254,-84.72127727876287,4.469692820565491,-112.93954742819687,-14.167717820075266
255,-84.72127727876287,-4.469692820565491,-112.93954742819687,-14.167717820075266
256,-55.937727790383896,3.0117015622463885,-80.68815894243448,8.641130470215204
257,-55.937727790383896,-3.0117015622463885,-80.68815894243448,8.641130470215204
258,-55.937727790383896,3.0117015622463885,-80.68815894243448,-8.641130470215204
259,-55.937727790383896,-3.0117015622463885,-80.68815894243448,-8.641130470215204
260,-13.536221504859247,3.941920887634231,-27.422851194681364,21.295609266770057
261,-13.536221504859247,-3.941920887634231,-27.422851194681364,21.295609266770057
262,-13.536221504859247,3.941920887634231,-27.422851194681364,-21.295609266770057
263,-13.536221504859247,-3.941920887634231,-27.422851194681364,-21.295609266770057
264,-132.82039336547206,1.5370588979881021,-55.73885658919228,19.034057046620326
265,-132.82039336547206,-1.5370588979881021,-55.73885658919228,19.034057046620326
266,-132.82039336547206,1.5370588979881021,-55.73885658919228,-19.034057046620326
267,-132.82039336547206,-1.5370588979881021,-55.73885658919228,-19.034057046620326
268,-93.05966444170903,27.986146788821607,-125.50154020207508,10.487448991649574
269,-93.05966444170903,-27.986146788821607,-125.50154020207508,10.487448991649574
270,-93.05966444170903,27.986146788821607,-125.50154020207508,-10.487448991649574
271,-93.05966444170903,-27.986146788821607,-125.50154020207508,-10.487448991649574
272,-95.23583534529565,14.133538043889379,-62.9289508064804,10.208501165675328
273,-95.23583534529565,-14.133538043889379,-62.9289508064804,10.208501165675328
274,-95.23583534529565,14.133538043889379,-62.9289508064804,-10.208501165675328
275,-95.23583534529565,-14.133538043889379,-62.9289508064804,-10.208501165675328
276,-76.12894210257627,25.846162773323837,-97.6772145324813,17.928526306490088
277,-76.12894210257627,-25.846162773323837,-97.6772145324813,17.928526306490088
278,-76.12894210257627,25.846162773323837,-97.6772145324813,-17.928526306490088
279,-76.12894210257627,-25.846162773323837,-97.6772145324813,-17.928526306490088
280,-115.62708804682192,7.3466200705210944,-11.029741276264168,10.852684003798759
281,-115.62708804682192,-7.3466200705210944,-11.029741276264168,10.852684003798759
282,-115.62708804682192,7.3466200705210944,-11.029741276264168,-10.852684003798759
283,-115.62708804682192,-7.3466200705210944,-11.029741276264168,-10.852684003798759
284,-71.61704477037873,62.07060427937028,-100.59724346442688,38.3233057358371
285,-71.61704477037873,-62.07060427937028,-100.59724346442688,38.3233057358371
286,-71.61704477037873,62.07060427937028,-100.59724346442688,-38.3233057358371
287,-71.61704477037873,-62.07060427937028,-100.59724346442688,-38.3233057358371
288,-86.89439734907647,20.300570527789237,-78.84605653973544,13.1001288960295
289,-86.89439734907647,-20.300570527789237,-78.84605653973544,13.1001288960295
290,-86.89439734907647,20.300570527789237,-78.84605653973544,-13.1001288960295
291,-86.89439734907647,-20.300570527789237,-78.84605653973544,-13.1001288960295
292,-125.81380179802962,3.8913868845403807,-57.56809251203103,25.252569375028894
293,-125.81380179802962,-3.8913868845403807,-57.56809251203103,25.252569375028894
294,-125.81380179802962,3.8913868845403807,-57.56809251203103,-25.252569375028894
295,-125.81380179802962,-3.8913868845403807,-57.56809251203103,-25.252569375028894
296,-127.07180174226195,2.14800693813493,-124.71955638853848,7.9653683979965955
297,-127.07180174226195,-2.14800693813493,-124.71955638853848,7.9653683979965955
298,-127.07180174226195,2.14800693813493,-124.71955638853848,-7.9653683979965955
299,-127.07180174226195,-2.14800693813493,-124.71955638853848,-7.9653683979965955
300,-124.44742883935528,1.9248459500906103,-10.75400024037686,4.41311503552972
301,-124.44742883935528,-1.9248459500906103,-10.75400024037686,4.41311503552972
302,-124.44742883935528,1.9248459500906103,-10.75400024037686,-4.41311503552972
303,-124.44742883935528,-1.9248459500906103,-10.75400024037686,-4.41311503552972
304,-129.37841988511212,0.6192827367338205,-94.70206725038499,21.87590745421248
305,-129.37841988511212,-0.6192827367338205,-94.70206725038499,21.87590745421248
306,-129.37841988511212,0.6192827367338205,-94.70206725038499,-21.87590745421248
307,-129.37841988511212,-0.6192827367338205,-94.70206725038499,-21.87590745421248
308,-6.582339102836681,5.549424129413094,-65.45963626303019,28.388318812365352
309,-6.582339102836681,-5.549424129413094,-65.45963626303019,28.388318812365352
310,-6.582339102836681,5.549424129413094,-65.45963626303019,-28.388318812365352
311,-6.582339102836681,-5.549424129413094,-65.45963626303019,-28.388318812365352
312,-60.12884998926073,3.841848103015626,-37.691331243559695,31.605186184688087
313,-60.12884998926073,-3.841848103015626,-37.691331243559695,31.605186184688087
314,-60.12884998926073,3.841848103015626,-37.691331243559695,-31.605186184688087
315,-60.12884998926073,-3.841848103015626,-37.691331243559695,-31.605186184688087
316,-34.718896632779305,0.6804956497755108,-79.78086745946628,25.684255970550968
317,-34.718896632779305,-0.6804956497755108,-79.78086745946628,25.684255970550968
318,-34.718896632779305,0.6804956497755108,-79.78086745946628,-25.684255970550968
319,-34.718896632779305,-0.6804956497755108,-79.78086745946628,-25.684255970550968
320,-102.06956002497094,22.493575657577995,-125.10819530661594,13.117287063977297
321,-102.06956002497094,-22.493575657577995,-125.10819530661594,13.117287063977297
322,-102.06956002497094,22.493575657577995,-125.10819530661594,-13.117287063977297
323,-102.06956002497094,-22.493575657577995,-125.10819530661594,-13.117287063977297
324,-66.49567304058307,38.9188623988444,-58.897434225883764,27.616601247581073
325,-66.49567304058307,-38.9188623988444,-58.897434225883764,27.616601247581073
326,-66.49567304058307,38.9188623988444,-58.897434225883764,-27.616601247581073
327,-66.49567304058307,-38.9188623988444,-58.897434225883764,-27.616601247581073
328,-72.38114377997402,26.40505824174369,-58.824698089494746,45.41924223098148
329,-72.38114377997402,-26.40505824174369,-58.824698089494746,45.41924223098148
330,-72.38114377997402,26.40505824174369,-58.824698089494746,-45.41924223098148
331,-72.38114377997402,-26.40505824174369,-58.824698089494746,-45.41924223098148
332,-9.225894216229921,5.879954435551178,-49.11148024529375,11.927254081291181
333,-9.225894216229921,-5.879954435551178,-49.11148024529375,11.927254081291181
334,-9.225894216229921,5.879954435551178,-49.11148024529375,-11.927254081291181
335,-9.225894216229921,-5.879954435551178,-49.11148024529375,-11.927254081291181
336,-94.20097762740934,32.560031448931106,-27.01046743935719,5.13483292016384
337,-94.20097762740934,-32.560031448931106,-27.01046743935719,5.13483292016384
338,-94.20097762740934,32.560031448931106,-27.01046743935719,-5.13483292016384
339,-94.20097762740934,-32.560031448931106,-27.01046743935719,-5.13483292016384
340,-137.40534016991043,0.7436017959709378,-88.56586177208251,2.5379891248989113
341,-137.40534016991043,-0.7436017959709378,-88.56586177208251,2.5379891248989113
342,-137.40534016991043,0.7436017959709378,-88.56586177208251,-2.5379891248989113
343,-137.40534016991043,-0.7436017959709378,-88.56586177208251,-2.5379891248989113
344,-74.09348093801086,47.11049363835169,-79.24646777253277,25.196427029747163
345,-74.09348093801086,-47.11049363835169,-79.24646777253277,25.196427029747163
346,-74.09348093801086,47.11049363835169,-79.24646777253277,-25.196427029747163
347,-74.09348093801086,-47.11049363835169,-79.24646777253277,-25.196427029747163
348,-127.36116482286795,5.470792457382271,-106.79254820485954,25.562413275584884
349,-127.36116482286795,-5.470792457382271,-106.79254820485954,25.562413275584884
350,-127.36116482286795,5.470792457382271,-106.79254820485954,-25.562413275584884
351,-127.36116482286795,-5.470792457382271,-106.79254820485954,-25.562413275584884
352,-49.10532456892449,48.19296087003823,-56.65309679364527,19.2852971207419
353,-49.10532456892449,-48.19296087003823,-56.65309679364527,19.2852971207419
354,-49.10532456892449,48.19296087003823,-56.65309679364527,-19.2852971207419
355,-49.10532456892449,-48.19296087003823,-56.65309679364527,-19.2852971207419
356,-125.92682693315035,0.6873514377575745,-45.40366908417761,2.824875206262012
357,-125.92682693315035,-0.6873514377575745,-45.40366908417761,2.824875206262012
358,-125.92682693315035,0.6873514377575745,-45.40366908417761,-2.824875206262012
359,-125.92682693315035,-0.6873514377575745,-45.40366908417761,-2.824875206262012
360,-82.71810210331967,38.62108544942574,-82.04621831417266,40.0704576317183
361,-82.71810210331967,-38.62108544942574,-82.04621831417266,40.0704576317183
362,-82.71810210331967,38.62108544942574,-82.04621831417266,-40.0704576317183
363,-82.71810210331967,-38.62108544942574,-82.04621831417266,-40.0704576317183
364,-115.74296441237675,9.042161820917327,-55.24756092810418,42.64931139241507
365,-115.74296441237675,-9.042161820917327,-55.24756092810418,42.64931139241507
366,-115.74296441237675,9.042161820917327,-55.24756092810418,-42.64931139241507
367,-115.74296441237675,-9.042161820917327,-55.24756092810418,-42.64931139241507
368,-139.0556349325472,0.3286454471127767,-11.039053105854002,3.981140053142234
369,-139.0556349325472,-0.3286454471127767,-11.039053105854002,3.981140053142234
370,-139.0556349325472,0.3286454471127767,-11.039053105854002,-3.981140053142234
371,-139.0556349325472,-0.3286454471127767,-11.039053105854002,-3.981140053142234
372,-115.15386808393882,16.495353622050175,-22.75513196767186,8.929656087284426
373,-115.15386808393882,-16.495353622050175,-22.75513196767186,8.929656087284426
374,-115.15386808393882,16.495353622050175,-22.75513196767186,-8.929656087284426
375,-115.15386808393882,-16.495353622050175,-22.75513196767186,-8.929656087284426
376,-107.84734736858948,10.266038402412676,-15.745879721962124,7.6427443650527165
377,-107.84734736858948,-10.266038402412676,-15.745879721962124,7.6427443650527165
378,-107.84734736858948,10.266038402412676,-15.745879721962124,-7.6427443650527165
379,-107.84734736858948,-10.266038402412676,-15.745879721962124,-7.6427443650527165
380,-66.25747522574777,37.07699559171686,-31.559516521629227,3.1207558464665506
381,-66.25747522574777,-37.07699559171686,-31.559516521629227,3.1207558464665506
382,-66.25747522574777,37.07699559171686,-31.559516521629227,-3.1207558464665506
383,-66.25747522574777,-37.07699559171686,-31.559516521629227,-3.1207558464665506
384,-99.07693676748133,18.411777092046044,-4.001550314373383,1.1623082104164035
385,-99.07693676748133,-18.411777092046044,-4.001550314373383,1.1623082104164035
386,-99.07693676748133,18.411777092046044,-4.001550314373383,-1.1623082104164035
387,-99.07693676748133,-18.411777092046044,-4.001550314373383,-1.1623082104164035
388,-138.49087834916918,0.9260405212693986,-82.77177596700925,39.59550295476811
389,-138.49087834916918,-0.9260405212693986,-82.77177596700925,39.59550295476811
390,-138.49087834916918,0.9260405212693986,-82.77177596700925,-39.59550295476811
391,-138.49087834916918,-0.9260405212693986,-82.77177596700925,-39.59550295476811
392,-70.60607841885697,26.486326856665123,-69.38057303061478,65.46054250229919
393,-70.60607841885697,-26.486326856665123,-69.38057303061478,65.46054250229919
394,-70.60607841885697,26.486326856665123,-69.38057303061478,-65.46054250229919
395,-70.60607841885697,-26.486326856665123,-69.38057303061478,-65.46054250229919
396,-68.01643382593316,26.64929863590778,-108.78418828426915,1.8275560288746482
397,-68.01643382593316,-26.64929863590778,-108.78418828426915,1.8275560288746482
398,-68.01643382593316,26.64929863590778,-108.78418828426915,-1.8275560288746482
399,-68.01643382593316,-26.64929863590778,-108.78418828426915,-1.8275560288746482
400,-7.026796016382731,2.9228101075669923,-89.96218277784007,45.07799177411825
401,-7.026796016382731,-2.9228101075669923,-89.96218277784007,45.07799177411825
402,-7.026796016382731,2.9228101075669923,-89.96218277784007,-45.07799177411825
403,-7.026796016382731,-2.9228101075669923,-89.96218277784007,-45.07799177411825
404,-4.491526431779233,3.1207240866920007,-99.67782398731086,25.906124516714204
405,-4.491526431779233,-3.1207240866920007,-99.67782398731086,25.906124516714204
406,-4.491526431779233,3.1207240866920007,-99.67782398731086,-25.906124516714204
407,-4.491526431779233,-3.1207240866920007,-99.67782398731086,-25.906124516714204
408,-137.35558145066153,0.16568188748665366,-31.46238699122432,6.378012562398622
409,-137.35558145066153,-0.16568188748665366,-31.46238699122432,6.378012562398622
410,-137.35558145066153,0.16568188748665366,-31.46238699122432,-6.378012562398622
411,-137.35558145066153,-0.16568188748665366,-31.46238699122432,-6.378012562398622
412,-95.12188938602367,8.485195234092831,-16.725549573435345,12.0638937061872
413,-95.12188938602367,-8.485195234092831,-16.725549573435345,12.0638937061872
414,-95.12188938602367,8.485195234092831,-16.725549573435345,-12.0638937061872
415,-95.12188938602367,-8.485195234092831,-16.725549573435345,-12.0638937061872
416,-26.823055501782992,21.132922237790144,-117.4716131020173,20.22646842889132
417,-26.823055501782992,-21.132922237790144,-117.4716131020173,20.22646842889132
418,-26.823055501782992,21.132922237790144,-117.4716131020173,-20.22646842889132
419,-26.823055501782992,-21.132922237790144,-117.4716131020173,-20.22646842889132
420,-98.42421926329094,32.283990267040366,-131.99002380205576,2.088541329377264
421,-98.42421926329094,-32.283990267040366,-131.99002380205576,2.088541329377264
422,-98.42421926329094,32.283990267040366,-131.99002380205576,-2.088541329377264
423,-98.42421926329094,-32.283990267040366,-131.99002380205576,-2.088541329377264
424,-58.73191061100313,27.23396404562255,-122.43081930331208,7.653756058759756
425,-58.73191061100313,-27.23396404562255,-122.43081930331208,7.653756058759756
426,-58.73191061100313,27.23396404562255,-122.43081930331208,-7.653756058759756
427,-58.73191061100313,-27.23396404562255,-122.43081930331208,-7.653756058759756
428,-105.35370197621488,32.854009855544646,-90.14385769334866,29.711295361670597
429,-105.35370197621488,-32.854009855544646,-90.14385769334866,29.711295361670597
430,-105.35370197621488,32.854009855544646,-90.14385769334866,-29.711295361670597
431,-105.35370197621488,-32.854009855544646,-90.14385769334866,-29.711295361670597
432,-84.39436775543207,44.79157176370168,-86.02366703849006,31.872650639858644
433,-84.39436775543207,-44.79157176370168,-86.02366703849006,31.872650639858644
434,-84.39436775543207,44.79157176370168,-86.02366703849006,-31.872650639858644
435,-84.39436775543207,-44.79157176370168,-86.02366703849006,-31.872650639858644
436,-25.12628082503352,15.741847567739084,-138.30008894712398,1.1809364039962402
437,-25.12628082503352,-15.741847567739084,-138.30008894712398,1.1809364039962402
438,-25.12628082503352,15.741847567739084,-138.30008894712398,-1.1809364039962402
439,-25.12628082503352,-15.741847567739084,-138.30008894712398,-1.1809364039962402
440,-18.961735296351762,4.786188737560163,-70.64366992250484,29.227856827722036
441,-18.961735296351762,-4.786188737560163,-70.64366992250484,29.227856827722036
442,-18.961735296351762,4.786188737560163,-70.64366992250484,-29.227856827722036
443,-18.961735296351762,-4.786188737560163,-70.64366992250484,-29.227856827722036
444,-104.79593893963484,28.579439109611567,-83.45236447284475,35.13621539173529
445,-104.79593893963484,-28.579439109611567,-83.45236447284475,35.13621539173529
446,-104.79593893963484,28.579439109611567,-83.45236447284475,-35.13621539173529
447,-104.79593893963484,-28.579439109611567,-83.45236447284475,-35.13621539173529
448,-139.93161435317043,0.02982361478009641,-10.183828704309754,7.5079044332473055
449,-139.93161435317043,-0.02982361478009641,-10.183828704309754,7.5079044332473055
450,-139.93161435317043,0.02982361478009641,-10.183828704309754,-7.5079044332473055
451,-139.93161435317043,-0.02982361478009641,-10.183828704309754,-7.5079044332473055
452,-105.25008797421484,28.389240287185622,-110.37601861426167,26.25118551248541
453,-105.25008797421484,-28.389240287185622,-110.37601861426167,26.25118551248541
454,-105.25008797421484,28.389240287185622,-110.37601861426167,-26.25118551248541
455,-105.25008797421484,-28.389240287185622,-110.37601861426167,-26.25118551248541
456,-111.93433279592936,2.6197884997749132,-84.33440268927703,25.301265651573676
457,-111.93433279592936,-2.6197884997749132,-84.33440268927703,25.301265651573676
458,-111.93433279592936,2.6197884997749132,-84.33440268927703,-25.301265651573676
459,-111.93433279592936,-2.6197884997749132,-84.33440268927703,-25.301265651573676
460,-32.28601644174273,17.834624917263426,-138.2053919306848,1.6455329510249315
461,-32.28601644174273,-17.834624917263426,-138.2053919306848,1.6455329510249315
462,-32.28601644174273,17.834624917263426,-138.2053919306848,-1.6455329510249315
463,-32.28601644174273,-17.834624917263426,-138.2053919306848,-1.6455329510249315
464,-131.18262703577585,1.9625291021465952,-47.51480925663577,1.6986716103658068
465,-131.18262703577585,-1.9625291021465952,-47.51480925663577,1.6986716103658068
466,-131.18262703577585,1.9625291021465952,-47.51480925663577,-1.6986716103658068
467,-131.18262703577585,-1.9625291021465952,-47.51480925663577,-1.6986716103658068
468,-116.04758524770983,22.096875809786383,-108.83595362835915,6.797620107059077
469,-116.04758524770983,-22.096875809786383,-108.83595362835915,6.797620107059077
470,-116.04758524770983,22.096875809786383,-108.83595362835915,-6.797620107059077
471,-116.04758524770983,-22.096875809786383,-108.83595362835915,-6.797620107059077
472,-25.05405069705779,15.583736614507169,-84.25852369871453,30.57078311117274
473,-25.05405069705779,-15.583736614507169,-84.25852369871453,30.57078311117274
474,-25.05405069705779,15.583736614507169,-84.25852369871453,-30.57078311117274
475,-25.05405069705779,-15.583736614507169,-84.25852369871453,-30.57078311117274
476,-27.26857375595364,8.836307698197084,-37.34931928419455,9.415312857691996
477,-27.26857375595364,-8.836307698197084,-37.34931928419455,9.415312857691996
478,-27.26857375595364,8.836307698197084,-37.34931928419455,-9.415312857691996
479,-27.26857375595364,-8.836307698197084,-37.34931928419455,-9.415312857691996
480,-47.961334058768195,45.094840126552064,-12.83642693415975,8.146310303807951
481,-47.961334058768195,-45.094840126552064,-12.83642693415975,8.146310303807951
482,-47.961334058768195,45.094840126552064,-12.83642693415975,-8.146310303807951
483,-47.961334058768195,-45.094840126552064,-12.83642693415975,-8.146310303807951
484,-131.9497158502831,0.964504918296557,-8.192756109440907,1.2290682739378516
485,-131.9497158502831,-0.964504918296557,-8.192756109440907,1.2290682739378516
486,-131.9497158502831,0.964504918296557,-8.192756109440907,-1.2290682739378516
487,-131.9497158502831,-0.964504918296557,-8.192756109440907,-1.2290682739378516
488,-105.89116113509884,26.666925750893185,-2.1305831377530193,1.1544178410382235
489,-105.89116113509884,-26.666925750893185,-2.1305831377530193,1.1544178410382235
490,-105.89116113509884,26.666925750893185,-2.1305831377530193,-1.1544178410382235
491,-105.89116113509884,-26.666925750893185,-2.1305831377530193,-1.1544178410382235
492,-85.01318639693068,42.626541810513025,-35.54514731318172,10.43006848039189
493,-85.01318639693068,-42.626541810513025,-35.54514731318172,10.43006848039189
494,-85.01318639693068,42.626541810513025,-35.54514731318172,-10.43006848039189
495,-85.01318639693068,-42.626541810513025,-35.54514731318172,-10.43006848039189
496,-119.42733379961602,14.47576190149782,-38.2960139180348,27.738626119295176
497,-119.42733379961602,-14.47576190149782,-38.2960139180348,27.738626119295176
498,-119.42733379961602,14.47576190149782,-38.2960139180348,-27.738626119295176
499,-119.42733379961602,-14.47576190149782,-38.2960139180348,-27.738626119295176
500,-130.06892079815685,4.814606942106714,-120.93474199283524,3.9578049226929157
501,-130.06892079815685,-4.814606942106714,-120.93474199283524,3.9578049226929157
502,-130.06892079815685,4.814606942106714,-120.93474199283524,-3.9578049226929157
503,-130.06892079815685,-4.814606942106714,-120.93474199283524,-3.9578049226929157
504,-123.09158766509054,8.258299488157549,-41.66711968133977,2.7121474847156777
505,-123.09158766509054,-8.258299488157549,-41.66711968133977,2.7121474847156777
506,-123.09158766509054,8.258299488157549,-41.66711968133977,-2.7121474847156777
507,-123.09158766509054,-8.258299488157549,-41.66711968133977,-2.7121474847156777
508,-100.5791592000475,28.638341088821488,-118.68493433820753,0.03382807183535581
509,-100.5791592000475,-28.638341088821488,-118.68493433820753,0.03382807183535581
510,-100.5791592000475,28.638341088821488,-118.68493433820753,-0.03382807183535581
511,-100.5791592000475,-28.638341088821488,-118.68493433820753,-0.03382807183535581
512,-92.28973997645168,45.821796602960745,-0.10130237122816466,0.012183836696515413
513,-92.28973997645168,-45.821796602960745,-0.10130237122816466,0.012183836696515413
514,-92.28973997645168,45.821796602960745,-0.10130237122816466,-0.012183836696515413
515,-92.28973997645168,-45.821796602960745,-0.10130237122816466,-0.012183836696515413
516,-1.6448680643512748,1.0906054133748002,-62.20912150914885,47.55408632946662
517,-1.6448680643512748,-1.0906054133748002,-62.20912150914885,47.55408632946662
518,-1.6448680643512748,1.0906054133748002,-62.20912150914885,-47.55408632946662
519,-1.6448680643512748,-1.0906054133748002,-62.20912150914885,-47.55408632946662
520,-87.83064661183761,4.645390703264087,-57.46084514030466,24.593465072643653
521,-87.83064661183761,-4.645390703264087,-57.46084514030466,24.593465072643653
522,-87.83064661183761,4.645390703264087,-57.46084514030466,-24.593465072643653
523,-87.83064661183761,-4.645390703264087,-57.46084514030466,-24.593465072643653
524,-88.78327289948119,2.531343335502902,-43.300048314074715,38.88479450553249
525,-88.78327289948119,-2.531343335502902,-43.300048314074715,38.88479450553249
526,-88.78327289948119,2.531343335502902,-43.300048314074715,-38.88479450553249
527,-88.78327289948119,-2.531343335502902,-43.300048314074715,-38.88479450553249
528,-73.37107632148401,62.65038350502502,-3.2261654910561943,0.977959746360771
529,-73.37107632148401,-62.65038350502502,-3.2261654910561943,0.977959746360771
530,-73.37107632148401,62.65038350502502,-3.2261654910561943,-0.977959746360771
531,-73.37107632148401,-62.65038350502502,-3.2261654910561943,-0.977959746360771
532,-68.31408655834605,66.32629836010226,-45.090040385513554,16.162695169430577
533,-68.31408655834605,-66.32629836010226,-45.090040385513554,16.162695169430577
534,-68.31408655834605,66.32629836010226,-45.090040385513554,-16.162695169430577
535,-68.31408655834605,-66.32629836010226,-45.090040385513554,-16.162695169430577
536,-10.852061466564834,4.919701088804808,-32.6730637705678,19.935856063000237
537,-10.852061466564834,-4.919701088804808,-32.6730637705678,19.935856063000237
538,-10.852061466564834,4.919701088804808,-32.6730637705678,-19.935856063000237
539,-10.852061466564834,-4.919701088804808,-32.6730637705678,-19.935856063000237
540,-137.4335777866027,0.5601908663269767,-40.48765221945763,39.28747755267439
541,-137.4335777866027,-0.5601908663269767,-40.48765221945763,39.28747755267439
542,-137.4335777866027,0.5601908663269767,-40.48765221945763,-39.28747755267439
543,-137.4335777866027,-0.5601908663269767,-40.48765221945763,-39.28747755267439
544,-90.74671182527447,40.598359237974336,-130.53073896642303,1.6635034466361354
545,-90.74671182527447,-40.598359237974336,-130.53073896642303,1.6635034466361354
546,-90.74671182527447,40.598359237974336,-130.53073896642303,-1.6635034466361354
547,-90.74671182527447,-40.598359237974336,-130.53073896642303,-1.6635034466361354
548,-7.901605398795777,7.4819604185290425,-119.5711383950546,19.601804761742574
549,-7.901605398795777,-7.4819604185290425,-119.5711383950546,19.601804761742574
550,-7.901605398795777,7.4819604185290425,-119.5711383950546,-19.601804761742574
551,-7.901605398795777,-7.4819604185290425,-119.5711383950546,-19.601804761742574
552,-3.7405309620657556,2.5198976424591386,-16.641167715718275,7.906866688043647
553,-3.7405309620657556,-2.5198976424591386,-16.641167715718275,7.906866688043647
554,-3.7405309620657556,2.5198976424591386,-16.641167715718275,-7.906866688043647
555,-3.7405309620657556,-2.5198976424591386,-16.641167715718275,-7.906866688043647
556,-27.908983047928963,3.7770714865720327,-53.565957353746896,10.675029979933464
557,-27.908983047928963,-3.7770714865720327,-53.565957353746896,10.675029979933464
558,-27.908983047928963,3.7770714865720327,-53.565957353746896,-10.675029979933464
559,-27.908983047928963,-3.7770714865720327,-53.565957353746896,-10.675029979933464
560,-29.398604503295797,22.327346928935345,-26.02663906651313,22.823657688371576
561,-29.398604503295797,-22.327346928935345,-26.02663906651313,22.823657688371576
562,-29.398604503295797,22.327346928935345,-26.02663906651313,-22.823657688371576
563,-29.398604503295797,-22.327346928935345,-26.02663906651313,-22.823657688371576
564,-60.665786520335985,18.142227428973705,-98.25937939536126,10.127601828014534
565,-60.665786520335985,-18.142227428973705,-98.25937939536126,10.127601828014534
566,-60.665786520335985,18.142227428973705,-98.25937939536126,-10.127601828014534
567,-60.665786520335985,-18.142227428973705,-98.25937939536126,-10.127601828014534
568,-27.198395383562445,8.898072648354223,-106.67751767849927,18.3957404033476
569,-27.198395383562445,-8.898072648354223,-106.67751767849927,18.3957404033476
570,-27.198395383562445,8.898072648354223,-106.67751767849927,-18.3957404033476
571,-27.198395383562445,-8.898072648354223,-106.67751767849927,-18.3957404033476
572,-131.37004287380694,1.0217520035230856,-99.89810261488921,15.379999861751466
573,-131.37004287380694,-1.0217520035230856,-99.89810261488921,15.379999861751466
574,-131.37004287380694,1.0217520035230856,-99.89810261488921,-15.379999861751466
575,-131.37004287380694,-1.0217520035230856,-99.89810261488921,-15.379999861751466
576,-53.271876276553975,4.614808933808113,-35.67024810760989,21.804140383517264
577,-53.271876276553975,-4.614808933808113,-35.67024810760989,21.804140383517264
578,-53.271876276553975,4.614808933808113,-35.67024810760989,-21.804140383517264
579,-53.271876276553975,-4.614808933808113,-35.67024810760989,-21.804140383517264
580,-100.26439996296934,30.96009457403467,-76.90040177585334,1.1028119841743431
581,-100.26439996296934,-30.96009457403467,-76.90040177585334,1.1028119841743431
582,-100.26439996296934,30.96009457403467,-76.90040177585334,-1.1028119841743431
583,-100.26439996296934,-30.96009457403467,-76.90040177585334,-1.1028119841743431
584,-5.7853355101297925,2.704356624943986,-122.23054984499136,1.6890882063619914
585,-5.7853355101297925,-2.704356624943986,-122.23054984499136,1.6890882063619914
586,-5.7853355101297925,2.704356624943986,-122.23054984499136,-1.6890882063619914
587,-5.7853355101297925,-2.704356624943986,-122.23054984499136,-1.6890882063619914
588,-46.99832875653645,24.452115260223433,-3.3284225458617356,0.4487555145137617
589,-46.99832875653645,-24.452115260223433,-3.3284225458617356,0.4487555145137617
590,-46.99832875653645,24.452115260223433,-3.3284225458617356,-0.4487555145137617
591,-46.99832875653645,-24.452115260223433,-3.3284225458617356,-0.4487555145137617
592,-30.2290467732244,18.275405750222006,-1.2839318049353476,1.0676518092610532
593,-30.2290467732244,-18.275405750222006,-1.2839318049353476,1.0676518092610532
594,-30.2290467732244,18.275405750222006,-1.2839318049353476,-1.0676518092610532
595,-30.2290467732244,-18.275405750222006,-1.2839318049353476,-1.0676518092610532
596,-21.75163240572773,20.82344993346405,-70.8640623004919,5.623750301238941
597,-21.75163240572773,-20.82344993346405,-70.8640623004919,5.623750301238941
598,-21.75163240572773,20.82344993346405,-70.8640623004919,-5.623750301238941
599,-21.75163240572773,-20.82344993346405,-70.8640623004919,-5.623750301238941
600,-46.791581364509106,0.09664341171981719,-16.057218017221636,0.5358003313189734
601,-46.791581364509106,-0.09664341171981719,-16.057218017221636,0.5358003313189734
602,-46.791581364509106,0.09664341171981719,-16.057218017221636,-0.5358003313189734
603,-46.791581364509106,-0.09664341171981719,-16.057218017221636,-0.5358003313189734
604,-70.36347636681813,4.748336081324737,-112.50003366811097,24.866916596580584
605,-70.36347636681813,-4.748336081324737,-112.50003366811097,24.866916596580584
606,-70.36347636681813,4.748336081324737,-112.50003366811097,-24.866916596580584
607,-70.36347636681813,-4.748336081324737,-112.50003366811097,-24.866916596580584
608,-74.75993291217598,46.019567002387845,-76.52020986064349,7.894854610790123
609,-74.75993291217598,-46.019567002387845,-76.52020986064349,7.894854610790123
610,-74.75993291217598,46.019567002387845,-76.52020986064349,-7.894854610790123
611,-74.75993291217598,-46.019567002387845,-76.52020986064349,-7.894854610790123
612,-138.6697915856742,0.9320691367834342,-16.492878041257267,12.722447284459687
613,-138.6697915856742,-0.9320691367834342,-16.492878041257267,12.722447284459687
614,-138.6697915856742,0.9320691367834342,-16.492878041257267,-12.722447284459687
615,-138.6697915856742,-0.9320691367834342,-16.492878041257267,-12.722447284459687
616,-66.35829988832037,18.083099814856983,-49.354233040326235,49.18027640301844
617,-66.35829988832037,-18.083099814856983,-49.354233040326235,49.18027640301844
618,-66.35829988832037,18.083099814856983,-49.354233040326235,-49.18027640301844
619,-66.35829988832037,-18.083099814856983,-49.354233040326235,-49.18027640301844
620,-14.969166005706203,1.7277430591236034,-54.34307052903356,25.554868222112265
621,-14.969166005706203,-1.7277430591236034,-54.34307052903356,25.554868222112265
622,-14.969166005706203,1.7277430591236034,-54.34307052903356,-25.554868222112265
623,-14.969166005706203,-1.7277430591236034,-54.34307052903356,-25.554868222112265
624,-1.3179179331752477,0.7540958836164221,-85.83344239289536,42.36257443240809
625,-1.3179179331752477,-0.7540958836164221,-85.83344239289536,42.36257443240809
626,-1.3179179331752477,0.7540958836164221,-85.83344239289536,-42.36257443240809
627,-1.3179179331752477,-0.7540958836164221,-85.83344239289536,-42.36257443240809
628,-69.89941196308236,15.316503082137517,-64.08792182925569,6.10163753877314
629,-69.89941196308236,-15.316503082137517,-64.08792182925569,6.10163753877314
630,-69.89941196308236,15.316503082137517,-64.08792182925569,-6.10163753877314
631,-69.89941196308236,-15.316503082137517,-64.08792182925569,-6.10163753877314
632,-19.6444403307516,18.84105612384463,-88.19646076699281,36.841165779836054
633,-19.6444403307516,-18.84105612384463,-88.19646076699281,36.841165779836054
634,-19.6444403307516,18.84105612384463,-88.19646076699281,-36.841165779836054
635,-19.6444403307516,-18.84105612384463,-88.19646076699281,-36.841165779836054
636,-21.064301149123377,3.980261810845156,-23.68972433778551,3.3635783789272735
637,-21.064301149123377,-3.980261810845156,-23.68972433778551,3.3635783789272735
638,-21.064301149123377,3.980261810845156,-23.68972433778551,-3.3635783789272735
639,-21.064301149123377,-3.980261810845156,-23.68972433778551,-3.3635783789272735
640,-81.1268098092028,55.58005252300653,-70.6847460297031,3.191061003199038
641,-81.1268098092028,-55.58005252300653,-70.6847460297031,3.191061003199038
642,-81.1268098092028,55.58005252300653,-70.6847460297031,-3.191061003199038
643,-81.1268098092028,-55.58005252300653,-70.6847460297031,-3.191061003199038
644,-125.100156362119,4.148244576566008,-34.743879299008,27.514700234541426
645,-125.100156362119,-4.148244576566008,-34.743879299008,27.514700234541426
646,-125.100156362119,4.148244576566008,-34.743879299008,-27.514700234541426
647,-125.100156362119,-4.148244576566008,-34.743879299008,-27.514700234541426
648,-67.37030716457822,62.971565773643505,-76.68168777095184,15.087722031407807
649,-67.37030716457822,-62.971565773643505,-76.68168777095184,15.087722031407807
650,-67.37030716457822,62.971565773643505,-76.68168777095184,-15.087722031407807
651,-67.37030716457822,-62.971565773643505,-76.68168777095184,-15.087722031407807
652,-87.6179434479401,4.675304876069895,-60.202256703412395,35.64676600737005
653,-87.6179434479401,-4.675304876069895,-60.202256703412395,35.64676600737005
654,-87.6179434479401,4.675304876069895,-60.202256703412395,-35.64676600737005
655,-87.6179434479401,-4.675304876069895,-60.202256703412395,-35.64676600737005
656,-133.5698804606991,5.351369212247373,-53.83350047399048,28.88710281596758
657,-133.5698804606991,-5.351369212247373,-53.83350047399048,28.88710281596758
658,-133.5698804606991,5.351369212247373,-53.83350047399048,-28.88710281596758
659,-133.5698804606991,-5.351369212247373,-53.83350047399048,-28.88710281596758
660,-7.7614715744546725,6.15373525658431,-71.43086429415128,21.20017791138751
661,-7.7614715744546725,-6.15373525658431,-71.43086429415128,21.20017791138751
662,-7.7614715744546725,6.15373525658431,-71.43086429415128,-21.20017791138751
663,-7.7614715744546725,-6.15373525658431,-71.43086429415128,-21.20017791138751
664,-126.18205133854464,11.045298055696957,-102.02059418031727,4.788591714417081
665,-126.18205133854464,-11.045298055696957,-102.02059418031727,4.788591714417081
666,-126.18205133854464,11.045298055696957,-102.02059418031727,-4.788591714417081
667,-126.18205133854464,-11.045298055696957,-102.02059418031727,-4.788591714417081
668,-43.24661054838613,16.532793509174923,-49.25495594712171,32.26070994435814
669,-43.24661054838613,-16.532793509174923,-49.25495594712171,32.26070994435814
670,-43.24661054838613,16.532793509174923,-49.25495594712171,-32.26070994435814
671,-43.24661054838613,-16.532793509174923,-49.25495594712171,-32.26070994435814
672,-4.993460311894406,4.828318189560673,-67.19620302184866,2.4445388931551264
673,-4.993460311894406,-4.828318189560673,-67.19620302184866,2.4445388931551264
674,-4.993460311894406,4.828318189560673,-67.19620302184866,-2.4445388931551264
675,-4.993460311894406,-4.828318189560673,-67.19620302184866,-2.4445388931551264
676,-68.20177940533091,6.87483947998989,-42.72889403565471,36.2288129682227
677,-68.20177940533091,-6.87483947998989,-42.72889403565471,36.2288129682227
678,-68.20177940533091,6.87483947998989,-42.72889403565471,-36.2288129682227
679,-68.20177940533091,-6.87483947998989,-42.72889403565471,-36.2288129682227
680,-37.980462525222556,11.735251918643208,-1.012311681821636,0.6934783569658785
681,-37.980462525222556,-11.735251918643208,-1.012311681821636,0.6934783569658785
682,-37.980462525222556,11.735251918643208,-1.012311681821636,-0.6934783569658785
683,-37.980462525222556,-11.735251918643208,-1.012311681821636,-0.6934783569658785
684,-8.235380594435558,6.44339511635255,-75.54079110271455,28.48170991518386
685,-8.235380594435558,-6.44339511635255,-75.54079110271455,28.48170991518386
686,-8.235380594435558,6.44339511635255,-75.54079110271455,-28.48170991518386
687,-8.235380594435558,-6.44339511635255,-75.54079110271455,-28.48170991518386
688,-133.6310733879619,1.7007392163840394,-77.16896586543449,53.74746944392777
689,-133.6310733879619,-1.7007392163840394,-77.16896586543449,53.74746944392777
690,-133.6310733879619,1.7007392163840394,-77.16896586543449,-53.74746944392777
691,-133.6310733879619,-1.7007392163840394,-77.16896586543449,-53.74746944392777
692,-91.53505623169585,18.365445858514697,-117.37665570063986,17.739563175424713
693,-91.53505623169585,-18.365445858514697,-117.37665570063986,17.739563175424713
694,-91.53505623169585,18.365445858514697,-117.37665570063986,-17.739563175424713
695,-91.53505623169585,-18.365445858514697,-117.37665570063986,-17.739563175424713
696,-9.679066663309786,8.837649416714251,-134.14448842139538,1.5324234132751546
697,-9.679066663309786,-8.837649416714251,-134.14448842139538,1.5324234132751546
698,-9.679066663309786,8.837649416714251,-134.14448842139538,-1.5324234132751546
699,-9.679066663309786,-8.837649416714251,-134.14448842139538,-1.5324234132751546
700,-2.5638210458854993,1.7036377790994812,-134.54588128475316,0.07880552396318717
701,-2.5638210458854993,-1.7036377790994812,-134.54588128475316,0.07880552396318717
702,-2.5638210458854993,1.7036377790994812,-134.54588128475316,-0.07880552396318717
703,-2.5638210458854993,-1.7036377790994812,-134.54588128475316,-0.07880552396318717
704,-49.381497181822766,0.31238717156411333,-47.298402518039104,26.95082326733113
705,-49.381497181822766,-0.31238717156411333,-47.298402518039104,26.95082326733113
706,-49.381497181822766,0.31238717156411333,-47.298402518039104,-26.95082326733113
707,-49.381497181822766,-0.31238717156411333,-47.298402518039104,-26.95082326733113
708,-113.80991445934457,1.6963440141246788,-41.51474100871274,9.826070257142684
709,-113.80991445934457,-1.6963440141246788,-41.51474100871274,9.826070257142684
710,-113.80991445934457,1.6963440141246788,-41.51474100871274,-9.826070257142684
711,-113.80991445934457,-1.6963440141246788,-41.51474100871274,-9.826070257142684
712,-20.064636547071505,17.20488743116955,-85.72025533849758,47.580722127659264
713,-20.064636547071505,-17.20488743116955,-85.72025533849758,47.580722127659264
714,-20.064636547071505,17.20488743116955,-85.72025533849758,-47.580722127659264
715,-20.064636547071505,-17.20488743116955,-85.72025533849758,-47.580722127659264
716,-32.668663331292535,28.31411866976915,-83.89806910961742,26.516015222473538
717,-32.668663331292535,-28.31411866976915,-83.89806910961742,26.516015222473538
718,-32.668663331292535,28.31411866976915,-83.89806910961742,-26.516015222473538
719,-32.668663331292535,-28.31411866976915,-83.89806910961742,-26.516015222473538
720,-129.9240798429369,5.369123520374597,-117.94903803711517,17.241501550104235
721,-129.9240798429369,-5.369123520374597,-117.94903803711517,17.241501550104235
722,-129.9240798429369,5.369123520374597,-117.94903803711517,-17.241501550104235
723,-129.9240798429369,-5.369123520374597,-117.94903803711517,-17.241501550104235
724,-30.69403206842434,5.84641016629044,-133.03817685119412,2.8799663647087197
725,-30.69403206842434,-5.84641016629044,-133.03817685119412,2.8799663647087197
726,-30.69403206842434,5.84641016629044,-133.03817685119412,-2.8799663647087197
727,-30.69403206842434,-5.84641016629044,-133.03817685119412,-2.8799663647087197
728,-29.067745870972704,3.892390782630884,-58.117337202634594,50.28980821830661
729,-29.067745870972704,-3.892390782630884,-58.117337202634594,50.28980821830661
730,-29.067745870972704,3.892390782630884,-58.117337202634594,-50.28980821830661
731,-29.067745870972704,-3.892390782630884,-58.117337202634594,-50.28980821830661
732,-101.33324501472698,32.98811528139561,-80.66394913239897,31.49634809909418
733,-101.33324501472698,-32.98811528139561,-80.66394913239897,31.49634809909418
734,-101.33324501472698,32.98811528139561,-80.66394913239897,-31.49634809909418
735,-101.33324501472698,-32.98811528139561,-80.66394913239897,-31.49634809909418
736,-38.53355869438647,23.262224217951026,-125.94384999523143,9.668999436998456
737,-38.53355869438647,-23.262224217951026,-125.94384999523143,9.668999436998456
738,-38.53355869438647,23.262224217951026,-125.94384999523143,-9.668999436998456
739,-38.53355869438647,-23.262224217951026,-125.94384999523143,-9.668999436998456
740,-33.46010366835211,31.472316981012685,-20.23955847734284,12.739500804719603
741,-33.46010366835211,-31.472316981012685,-20.23955847734284,12.739500804719603
742,-33.46010366835211,31.472316981012685,-20.23955847734284,-12.739500804719603
743,-33.46010366835211,-31.472316981012685,-20.23955847734284,-12.739500804719603
744,-44.546298882397465,3.053935728319667,-50.20096466777522,46.009457629079805
745,-44.546298882397465,-3.053935728319667,-50.20096466777522,46.009457629079805
746,-44.546298882397465,3.053935728319667,-50.20096466777522,-46.009457629079805
747,-44.546298882397465,-3.053935728319667,-50.20096466777522,-46.009457629079805
748,-121.14376198233927,6.669236595251187,-96.52398337799467,3.0585894000486027
749,-121.14376198233927,-6.669236595251187,-96.52398337799467,3.0585894000486027
750,-121.14376198233927,6.669236595251187,-96.52398337799467,-3.0585894000486027
751,-121.14376198233927,-6.669236595251187,-96.52398337799467,-3.0585894000486027
752,-98.16043260237221,40.2885210605898,-110.56643066877669,8.880378464261364
753,-98.16043260237221,-40.2885210605898,-110.56643066877669,8.880378464261364
754,-98.16043260237221,40.2885210605898,-110.56643066877669,-8.880378464261364
755,-98.16043260237221,-40.2885210605898,-110.56643066877669,-8.880378464261364
756,-88.65680574722062,36.67335017848264,-37.85367153830401,7.61579983257791
757,-88.65680574722062,-36.67335017848264,-37.85367153830401,7.61579983257791
758,-88.65680574722062,36.67335017848264,-37.85367153830401,-7.61579983257791
759,-88.65680574722062,-36.67335017848264,-37.85367153830401,-7.61579983257791
760,-61.99014489661694,59.39679074799082,-126.72102107321965,11.664947931274344
761,-61.99014489661694,-59.39679074799082,-126.72102107321965,11.664947931274344
762,-61.99014489661694,59.39679074799082,-126.72102107321965,-11.664947931274344
763,-61.99014489661694,-59.39679074799082,-126.72102107321965,-11.664947931274344
764,-52.08946636879748,40.54012814040938,-103.157605750151,24.77977538331304
765,-52.08946636879748,-40.54012814040938,-103.157605750151,24.77977538331304
766,-52.08946636879748,40.54012814040938,-103.157605750151,-24.77977538331304
767,-52.08946636879748,-40.54012814040938,-103.157605750151,-24.77977538331304
768,-94.98216674781969,12.586761069326727,-14.306828407711631,2.279327552189584
769,-94.98216674781969,-12.586761069326727,-14.306828407711631,2.279327552189584
770,-94.98216674781969,12.586761069326727,-14.306828407711631,-2.279327552189584
771,-94.98216674781969,-12.586761069326727,-14.306828407711631,-2.279327552189584
772,-50.148759325927486,37.06357410472035,-34.577096845607315,1.161301074584366
773,-50.148759325927486,-37.06357410472035,-34.577096845607315,1.161301074584366
774,-50.148759325927486,37.06357410472035,-34.577096845607315,-1.161301074584366
775,-50.148759325927486,-37.06357410472035,-34.577096845607315,-1.161301074584366
776,-67.00615055467323,45.98413725805684,-86.36329427353738,20.17794897540949
777,-67.00615055467323,-45.98413725805684,-86.36329427353738,20.17794897540949
778,-67.00615055467323,45.98413725805684,-86.36329427353738,-20.17794897540949
779,-67.00615055467323,-45.98413725805684,-86.36329427353738,-20.17794897540949
780,-90.49851532808124,3.5106753188398283,-5.859994629741148,0.5379893218014337
781,-90.49851532808124,-3.5106753188398283,-5.859994629741148,0.5379893218014337
782,-90.49851532808124,3.5106753188398283,-5.859994629741148,-0.5379893218014337
783,-90.49851532808124,-3.5106753188398283,-5.859994629741148,-0.5379893218014337
784,-70.38997998415186,6.279861123491284,-123.74847963964471,8.320195646577417
785,-70.38997998415186,-6.279861123491284,-123.74847963964471,8.320195646577417
786,-70.38997998415186,6.279861123491284,-123.74847963964471,-8.320195646577417
787,-70.38997998415186,-6.279861123491284,-123.74847963964471,-8.320195646577417
788,-94.92612068700865,21.61389769076431,-26.09996075205643,21.0793232151797
789,-94.92612068700865,-21.61389769076431,-26.09996075205643,21.0793232151797
790,-94.92612068700865,21.61389769076431,-26.09996075205643,-21.0793232151797
791,-94.92612068700865,-21.61389769076431,-26.09996075205643,-21.0793232151797
792,-69.30630334384382,50.52160484564837,-132.48242563258856,6.543588134821787
793,-69.30630334384382,-50.52160484564837,-132.48242563258856,6.543588134821787
794,-69.30630334384382,50.52160484564837,-132.48242563258856,-6.543588134821787
795,-69.30630334384382,-50.52160484564837,-132.48242563258856,-6.543588134821787
796,-49.351869721320135,34.22910348228015,-61.794440167532635,45.0739349205953
797,-49.351869721320135,-34.22910348228015,-61.794440167532635,45.0739349205953
798,-49.351869721320135,34.22910348228015,-61.794440167532635,-45.0739349205953
799,-49.351869721320135,-34.22910348228015,-61.794440167532635,-45.0739349205953
800,-137.77394410724773,0.08070556872426186,-80.81626794046376,16.092546429617965
801,-137.77394410724773,-0.08070556872426186,-80.81626794046376,16.092546429617965
802,-137.77394410724773,0.08070556872426186,-80.81626794046376,-16.092546429617965
803,-137.77394410724773,-0.08070556872426186,-80.81626794046376,-16.092546429617965
804,-15.349808855443975,3.012961794684943,-49.75643499801233,30.399831346007975
805,-15.349808855443975,-3.012961794684943,-49.75643499801233,30.399831346007975
806,-15.349808855443975,3.012961794684943,-49.75643499801233,-30.399831346007975
807,-15.349808855443975,-3.012961794684943,-49.75643499801233,-30.399831346007975
808,-104.60905341542895,25.62604146050695,-60.25579664569085,58.15014027171547
809,-104.60905341542895,-25.62604146050695,-60.25579664569085,58.15014027171547
810,-104.60905341542895,25.62604146050695,-60.25579664569085,-58.15014027171547
811,-104.60905341542895,-25.62604146050695,-60.25579664569085,-58.15014027171547
812,-137.23470254625548,1.9077533216047668,-56.146172664860494,5.454333408165178
813,-137.23470254625548,-1.9077533216047668,-56.146172664860494,5.454333408165178
814,-137.23470254625548,1.9077533216047668,-56.146172664860494,-5.454333408165178
815,-137.23470254625548,-1.9077533216047668,-56.146172664860494,-5.454333408165178
816,-127.57397766922156,1.4020950064714661,-16.48313185031321,3.2463419433950933
817,-127.57397766922156,-1.4020950064714661,-16.48313185031321,3.2463419433950933
818,-127.57397766922156,1.4020950064714661,-16.48313185031321,-3.2463419433950933
819,-127.57397766922156,-1.4020950064714661,-16.48313185031321,-3.2463419433950933
820,-21.889016465415022,2.5315739979797045,-76.82954034756867,28.24129427793036
821,-21.889016465415022,-2.5315739979797045,-76.82954034756867,28.24129427793036
822,-21.889016465415022,2.5315739979797045,-76.82954034756867,-28.24129427793036
823,-21.889016465415022,-2.5315739979797045,-76.82954034756867,-28.24129427793036
824,-94.79723775249947,13.881328596186428,-128.50900286283263,8.342468727230447
825,-94.79723775249947,-13.881328596186428,-128.50900286283263,8.342468727230447
826,-94.79723775249947,13.881328596186428,-128.50900286283263,-8.342468727230447
827,-94.79723775249947,-13.881328596186428,-128.50900286283263,-8.342468727230447
828,-65.46072478105,4.518369108700629,-107.48216335838273,4.115049392874981
829,-65.46072478105,-4.518369108700629,-107.48216335838273,4.115049392874981
830,-65.46072478105,4.518369108700629,-107.48216335838273,-4.115049392874981
831,-65.46072478105,-4.518369108700629,-107.48216335838273,-4.115049392874981
832,-83.59402262372626,33.318303211701796,-79.439800675142,29.423093262353543
833,-83.59402262372626,-33.318303211701796,-79.439800675142,29.423093262353543
834,-83.59402262372626,33.318303211701796,-79.439800675142,-29.423093262353543
835,-83.59402262372626,-33.318303211701796,-79.439800675142,-29.423093262353543
836,-74.82128400816988,36.60489325284278,-128.83533250590287,2.5720614851492702
837,-74.82128400816988,-36.60489325284278,-128.83533250590287,2.5720614851492702
838,-74.82128400816988,36.60489325284278,-128.83533250590287,-2.5720614851492702
839,-74.82128400816988,-36.60489325284278,-128.83533250590287,-2.5720614851492702
840,-23.85599843215435,1.2603648352416612,-100.46814092298466,8.393282843190471
841,-23.85599843215435,-1.2603648352416612,-100.46814092298466,8.393282843190471
842,-23.85599843215435,1.2603648352416612,-100.46814092298466,-8.393282843190471
843,-23.85599843215435,-1.2603648352416612,-100.46814092298466,-8.393282843190471
844,-33.490494895132336,31.48963835043407,-66.50000827243727,21.088214367336526
845,-33.490494895132336,-31.48963835043407,-66.50000827243727,21.088214367336526
846,-33.490494895132336,31.48963835043407,-66.50000827243727,-21.088214367336526
847,-33.490494895132336,-31.48963835043407,-66.50000827243727,-21.088214367336526
848,-65.18543222756348,33.97021281873752,-41.67868186011128,12.360753865537566
849,-65.18543222756348,-33.97021281873752,-41.67868186011128,12.360753865537566
850,-65.18543222756348,33.97021281873752,-41.67868186011128,-12.360753865537566
851,-65.18543222756348,-33.97021281873752,-41.67868186011128,-12.360753865537566
852,-8.362554621376939,4.508754980483097,-44.84303531073672,24.562201328123457
853,-8.362554621376939,-4.508754980483097,-44.84303531073672,24.562201328123457
854,-8.362554621376939,4.508754980483097,-44.84303531073672,-24.562201328123457
855,-8.362554621376939,-4.508754980483097,-44.84303531073672,-24.562201328123457
856,-51.57392846941659,39.044586570875836,-7.508718529631475,4.254474858285697
857,-51.57392846941659,-39.044586570875836,-7.508718529631475,4.254474858285697
858,-51.57392846941659,39.044586570875836,-7.508718529631475,-4.254474858285697
859,-51.57392846941659,-39.044586570875836,-7.508718529631475,-4.254474858285697
860,-76.62284197642725,41.23857411443089,-7.372160065527993,2.4302951439061435
861,-76.62284197642725,-41.23857411443089,-7.372160065527993,2.4302951439061435
862,-76.62284197642725,41.23857411443089,-7.372160065527993,-2.4302951439061435
863,-76.62284197642725,-41.23857411443089,-7.372160065527993,-2.4302951439061435
864,-95.16625334664928,22.06117254583028,-56.17889984005814,3.1450184170153324
865,-95.16625334664928,-22.06117254583028,-56.17889984005814,3.1450184170153324
866,-95.16625334664928,22.06117254583028,-56.17889984005814,-3.1450184170153324
867,-95.16625334664928,-22.06117254583028,-56.17889984005814,-3.1450184170153324
868,-69.66942003212651,57.507914955291575,-60.62061041480255,21.697709196700355
869,-69.66942003212651,-57.507914955291575,-60.62061041480255,21.697709196700355
870,-69.66942003212651,57.507914955291575,-60.62061041480255,-21.697709196700355
871,-69.66942003212651,-57.507914955291575,-60.62061041480255,-21.697709196700355
872,-104.5753839361378,0.6623704000333535,-103.43513605087568,22.35307105134131
873,-104.5753839361378,-0.6623704000333535,-103.43513605087568,22.35307105134131
874,-104.5753839361378,0.6623704000333535,-103.43513605087568,-22.35307105134131
875,-104.5753839361378,-0.6623704000333535,-103.43513605087568,-22.35307105134131
876,-26.848066311307694,6.262130631556044,-1.6216206643432818,0.7097073210583081
877,-26.848066311307694,-6.262130631556044,-1.6216206643432818,0.7097073210583081
878,-26.848066311307694,6.262130631556044,-1.6216206643432818,-0.7097073210583081
879,-26.848066311307694,-6.262130631556044,-1.6216206643432818,-0.7097073210583081
880,-52.253480456481704,50.17363678832756,-68.54624596270445,13.441117123052551
881,-52.253480456481704,-50.17363678832756,-68.54624596270445,13.441117123052551
882,-52.253480456481704,50.17363678832756,-68.54624596270445,-13.441117123052551
883,-52.253480456481704,-50.17363678832756,-68.54624596270445,-13.441117123052551
884,-12.379485816144342,8.69267813630659,-129.58984423279244,3.6055383457791965
885,-12.379485816144342,-8.69267813630659,-129.58984423279244,3.6055383457791965
886,-12.379485816144342,8.69267813630659,-129.58984423279244,-3.6055383457791965
887,-12.379485816144342,-8.69267813630659,-129.58984423279244,-3.6055383457791965
888,-21.03074096235937,9.532425694929184,-120.72419483605094,9.82084232249034
889,-21.03074096235937,-9.532425694929184,-120.72419483605094,9.82084232249034
890,-21.03074096235937,9.532425694929184,-120.72419483605094,-9.82084232249034
891,-21.03074096235937,-9.532425694929184,-120.72419483605094,-9.82084232249034
892,-20.687119764145766,18.37541608368856,-69.88422594507581,6.175068897482348
893,-20.687119764145766,-18.37541608368856,-69.88422594507581,6.175068897482348
894,-20.687119764145766,18.37541608368856,-69.88422594507581,-6.175068897482348
895,-20.687119764145766,-18.37541608368856,-69.88422594507581,-6.175068897482348
896,-37.58469204560715,7.278268693395953,-118.15599943121465,3.3671568099970424
897,-37.58469204560715,-7.278268693395953,-118.15599943121465,3.3671568099970424
898,-37.58469204560715,7.278268693395953,-118.15599943121465,-3.3671568099970424
899,-37.58469204560715,-7.278268693395953,-118.15599943121465,-3.3671568099970424
900,-68.09735910127333,17.778027123151524,-49.157487722505074,46.61521243079285
901,-68.09735910127333,-17.778027123151524,-49.157487722505074,46.61521243079285
902,-68.09735910127333,17.778027123151524,-49.157487722505074,-46.61521243079285
903,-68.09735910127333,-17.778027123151524,-49.157487722505074,-46.61521243079285
904,-77.41646546930949,0.6610733818121539,-39.040450971492106,15.186171001969601
905,-77.41646546930949,-0.6610733818121539,-39.040450971492106,15.186171001969601
906,-77.41646546930949,0.6610733818121539,-39.040450971492106,-15.186171001969601
907,-77.41646546930949,-0.6610733818121539,-39.040450971492106,-15.186171001969601
908,-75.014898287034,62.74266540351853,-28.218599732404194,21.8792785544193
909,-75.014898287034,-62.74266540351853,-28.218599732404194,21.8792785544193
910,-75.014898287034,62.74266540351853,-28.218599732404194,-21.8792785544193
911,-75.014898287034,-62.74266540351853,-28.218599732404194,-21.8792785544193
912,-110.52411634841236,1.689188846122452,-123.48989697898948,1.8849582362363533
913,-110.52411634841236,-1.689188846122452,-123.48989697898948,1.8849582362363533
914,-110.52411634841236,1.689188846122452,-123.48989697898948,-1.8849582362363533
915,-110.52411634841236,-1.689188846122452,-123.48989697898948,-1.8849582362363533
916,-42.5473066305296,9.690143886880964,-24.773042468444636,1.346234378630195
917,-42.5473066305296,-9.690143886880964,-24.773042468444636,1.346234378630195
918,-42.5473066305296,9.690143886880964,-24.773042468444636,-1.346234378630195
919,-42.5473066305296,-9.690143886880964,-24.773042468444636,-1.346234378630195
920,-47.080430844747774,29.944938522988373,-18.470085133353965,14.79703251742245
921,-47.080430844747774,-29.944938522988373,-18.470085133353965,14.79703251742245
922,-47.080430844747774,29.944938522988373,-18.470085133353965,-14.79703251742245
923,-47.080430844747774,-29.944938522988373,-18.470085133353965,-14.79703251742245
924,-107.26648325486386,10.376454119367107,-5.8758576724647344,5.142105710706737
925,-107.26648325486386,-10.376454119367107,-5.8758576724647344,5.142105710706737
926,-107.26648325486386,10.376454119367107,-5.8758576724647344,-5.142105710706737
927,-107.26648325486386,-10.376454119367107,-5.8758576724647344,-5.142105710706737
928,-129.67380372743042,8.379995548478547,-27.141370131994005,10.89206019740037
929,-129.67380372743042,-8.379995548478547,-27.141370131994005,10.89206019740037
930,-129.67380372743042,8.379995548478547,-27.141370131994005,-10.89206019740037
931,-129.67380372743042,-8.379995548478547,-27.141370131994005,-10.89206019740037
932,-114.2862308015646,16.577670870372053,-79.73425009245956,58.869835044082485
933,-114.2862308015646,-16.577670870372053,-79.73425009245956,58.869835044082485
934,-114.2862308015646,16.577670870372053,-79.73425009245956,-58.869835044082485
935,-114.2862308015646,-16.577670870372053,-79.73425009245956,-58.869835044082485
936,-12.41758792567868,9.053307208467318,-56.14713564729753,46.966313166949824
937,-12.41758792567868,-9.053307208467318,-56.14713564729753,46.966313166949824
938,-12.41758792567868,9.053307208467318,-56.14713564729753,-46.966313166949824
939,-12.41758792567868,-9.053307208467318,-56.14713564729753,-46.966313166949824
940,-74.09183160024276,53.786500181636896,-20.216434940930064,14.092990309676983
941,-74.09183160024276,-53.786500181636896,-20.216434940930064,14.092990309676983
942,-74.09183160024276,53.786500181636896,-20.216434940930064,-14.092990309676983
943,-74.09183160024276,-53.786500181636896,-20.216434940930064,-14.092990309676983
944,-48.809152338987346,45.75512843372674,-25.450771003169987,9.964455110543378
945,-48.809152338987346,-45.75512843372674,-25.450771003169987,9.964455110543378
946,-48.809152338987346,45.75512843372674,-25.450771003169987,-9.964455110543378
947,-48.809152338987346,-45.75512843372674,-25.450771003169987,-9.964455110543378
948,-89.04715480172601,2.1197125858957553,-124.16069032105166,6.9010546199115055
949,-89.04715480172601,-2.1197125858957553,-124.16069032105166,6.9010546199115055
950,-89.04715480172601,2.1197125858957553,-124.16069032105166,-6.9010546199115055
951,-89.04715480172601,-2.1197125858957553,-124.16069032105166,-6.9010546199115055
952,-32.894223097312114,21.386521135914553,-16.013658644436145,12.396384457925944
953,-32.894223097312114,-21.386521135914553,-16.013658644436145,12.396384457925944
954,-32.894223097312114,21.386521135914553,-16.013658644436145,-12.396384457925944
955,-32.894223097312114,-21.386521135914553,-16.013658644436145,-12.396384457925944
956,-26.29768659159976,10.014706915022401,-75.84918892681935,44.88917843563001
957,-26.29768659159976,-10.014706915022401,-75.84918892681935,44.88917843563001
958,-26.29768659159976,10.014706915022401,-75.84918892681935,-44.88917843563001
959,-26.29768659159976,-10.014706915022401,-75.84918892681935,-44.88917843563001
960,-14.625784280909375,10.8458830190141,-57.374588871437304,12.104959845320156
961,-14.625784280909375,-10.8458830190141,-57.374588871437304,12.104959845320156
962,-14.625784280909375,10.8458830190141,-57.374588871437304,-12.104959845320156
963,-14.625784280909375,-10.8458830190141,-57.374588871437304,-12.104959845320156
964,-69.00188163303864,24.83451959042697,-50.66859810551163,11.071681785511657
965,-69.00188163303864,-24.83451959042697,-50.66859810551163,11.071681785511657
966,-69.00188163303864,24.83451959042697,-50.66859810551163,-11.071681785511657
967,-69.00188163303864,-24.83451959042697,-50.66859810551163,-11.071681785511657
968,-103.38624509083986,26.28543558720435,-85.82255166748821,3.195254567680397
969,-103.38624509083986,-26.28543558720435,-85.82255166748821,3.195254567680397
970,-103.38624509083986,26.28543558720435,-85.82255166748821,-3.195254567680397
971,-103.38624509083986,-26.28543558720435,-85.82255166748821,-3.195254567680397
972,-2.845651358412211,0.17551112298114394,-24.00830359926735,19.763097543988177
973,-2.845651358412211,-0.17551112298114394,-24.00830359926735,19.763097543988177
974,-2.845651358412211,0.17551112298114394,-24.00830359926735,-19.763097543988177
975,-2.845651358412211,-0.17551112298114394,-24.00830359926735,-19.763097543988177
976,-80.19833414305069,44.39189279393249,-57.190734081116105,22.04058404148767
977,-80.19833414305069,-44.39189279393249,-57.190734081116105,22.04058404148767
978,-80.19833414305069,44.39189279393249,-57.190734081116105,-22.04058404148767
979,-80.19833414305069,-44.39189279393249,-57.190734081116105,-22.04058404148767
980,-18.35286700491627,11.683367467452369,-41.47611209139507,40.97943541370213
981,-18.35286700491627,-11.683367467452369,-41.47611209139507,40.97943541370213
982,-18.35286700491627,11.683367467452369,-41.47611209139507,-40.97943541370213
983,-18.35286700491627,-11.683367467452369,-41.47611209139507,-40.97943541370213
984,-35.50054444305368,31.630657036345163,-79.61399425960354,58.56891079664218
985,-35.50054444305368,-31.630657036345163,-79.61399425960354,58.56891079664218
986,-35.50054444305368,31.630657036345163,-79.61399425960354,-58.56891079664218
987,-35.50054444305368,-31.630657036345163,-79.61399425960354,-58.56891079664218
988,-37.492816412136115,1.4937522167119688,-66.29353034514037,22.932957504151286
989,-37.492816412136115,-1.4937522167119688,-66.29353034514037,22.932957504151286
990,-37.492816412136115,1.4937522167119688,-66.29353034514037,-22.932957504151286
991,-37.492816412136115,-1.4937522167119688,-66.29353034514037,-22.932957504151286
992,-27.268558473449215,20.28451918198192,-123.16154714847094,15.10318508333102
993,-27.268558473449215,-20.28451918198192,-123.16154714847094,15.10318508333102
994,-27.268558473449215,20.28451918198192,-123.16154714847094,-15.10318508333102
995,-27.268558473449215,-20.28451918198192,-123.16154714847094,-15.10318508333102
996,-7.09290087586008,4.883677964276262,-23.378867928340995,4.139247597139558
997,-7.09290087586008,-4.883677964276262,-23.378867928340995,4.139247597139558
998,-7.09290087586008,4.883677964276262,-23.378867928340995,-4.139247597139558
999,-7.09290087586008,-4.883677964276262,-23.378867928340995,-4.139247597139558
1000,-130.07347556464643,5.544609622197163,-63.15963540587218,31.770355550518428
1001,-130.07347556464643,-5.544609622197163,-63.15963540587218,31.770355550518428
1002,-130.07347556464643,5.544609622197163,-63.15963540587218,-31.770355550518428
1003,-130.07347556464643,-5.544609622197163,-63.15963540587218,-31.770355550518428
1004,-67.00554488643458,15.75608918425281,-132.78198775559335,0.7954820543004844
1005,-67.00554488643458,-15.75608918425281,-132.78198775559335,0.7954820543004844
1006,-67.00554488643458,15.75608918425281,-132.78198775559335,-0.7954820543004844
1007,-67.00554488643458,-15.75608918425281,-132.78198775559335,-0.7954820543004844
1008,-25.705349453784002,8.111910857757538,-118.86192603221203,17.393924063524373
1009,-25.705349453784002,-8.111910857757538,-118.86192603221203,17.393924063524373
1010,-25.705349453784002,8.111910857757538,-118.86192603221203,-17.393924063524373
1011,-25.705349453784002,-8.111910857757538,-118.86192603221203,-17.393924063524373
1012,-4.0314415813608795,0.3020169973781441,-130.6105417874015,1.8361156840331194
1013,-4.0314415813608795,-0.3020169973781441,-130.6105417874015,1.8361156840331194
1014,-4.0314415813608795,0.3020169973781441,-130.6105417874015,-1.8361156840331194
1015,-4.0314415813608795,-0.3020169973781441,-130.6105417874015,-1.8361156840331194
1016,-26.761200920398277,24.493349413602747,-88.8151164869853,48.77757553315364
1017,-26.761200920398277,-24.493349413602747,-88.8151164869853,48.77757553315364
1018,-26.761200920398277,24.493349413602747,-88.8151164869853,-48.77757553315364
1019,-26.761200920398277,-24.493349413602747,-88.8151164869853,-48.77757553315364
1020,-12.155885927463268,8.411095868557119,-97.22554354268078,2.4340572834317586
1021,-12.155885927463268,-8.411095868557119,-97.22554354268078,2.4340572834317586
1022,-12.155885927463268,8.411095868557119,-97.22554354268078,-2.4340572834317586
1023,-12.155885927463268,-8.411095868557119,-97.22554354268078,-2.4340572834317586
1024,-79.90427867551267,1.7932966200327742,-113.94866149764428,1.4551785008332214
1025,-79.90427867551267,-1.7932966200327742,-113.94866149764428,1.4551785008332214
1026,-79.90427867551267,1.7932966200327742,-113.94866149764428,-1.4551785008332214
1027,-79.90427867551267,-1.7932966200327742,-113.94866149764428,-1.4551785008332214
1028,-14.064391896782386,11.13322602876724,-8.821170808961835,2.7067689469745675
1029,-14.064391896782386,-11.13322602876724,-8.821170808961835,2.7067689469745675
1030,-14.064391896782386,11.13322602876724,-8.821170808961835,-2.7067689469745675
1031,-14.064391896782386,-11.13322602876724,-8.821170808961835,-2.7067689469745675
1032,-63.274674485462164,49.934574782462704,-133.05503438642938,6.441716024401138
1033,-63.274674485462164,-49.934574782462704,-133.05503438642938,6.441716024401138
1034,-63.274674485462164,49.934574782462704,-133.05503438642938,-6.441716024401138
1035,-63.274674485462164,-49.934574782462704,-133.05503438642938,-6.441716024401138
1036,-101.20451872233892,3.941652069885349,-11.065558858923408,7.188875349240136
1037,-101.20451872233892,-3.941652069885349,-11.065558858923408,7.188875349240136
1038,-101.20451872233892,3.941652069885349,-11.065558858923408,-7.188875349240136
1039,-101.20451872233892,-3.941652069885349,-11.065558858923408,-7.188875349240136
1040,-76.17617593208485,19.780469130890264,-56.87377421210363,56.065262238148875
1041,-76.17617593208485,-19.780469130890264,-56.87377421210363,56.065262238148875
1042,-76.17617593208485,19.780469130890264,-56.87377421210363,-56.065262238148875
1043,-76.17617593208485,-19.780469130890264,-56.87377421210363,-56.065262238148875
1044,-77.47068505645655,49.147875455926886,-109.32265870333568,30.38894456743763
1045,-77.47068505645655,-49.147875455926886,-109.32265870333568,30.38894456743763
1046,-77.47068505645655,49.147875455926886,-109.32265870333568,-30.38894456743763
1047,-77.47068505645655,-49.147875455926886,-109.32265870333568,-30.38894456743763
1048,-38.340209673166086,35.78563577641809,-60.33781055173125,34.363382303044375
1049,-38.340209673166086,-35.78563577641809,-60.33781055173125,34.363382303044375
1050,-38.340209673166086,35.78563577641809,-60.33781055173125,-34.363382303044375
1051,-38.340209673166086,-35.78563577641809,-60.33781055173125,-34.363382303044375
1052,-43.94281713997348,7.234833813050882,-97.49757587253323,18.696498440911395
1053,-43.94281713997348,-7.234833813050882,-97.49757587253323,18.696498440911395
1054,-43.94281713997348,7.234833813050882,-97.49757587253323,-18.696498440911395
1055,-43.94281713997348,-7.234833813050882,-97.49757587253323,-18.696498440911395
1056,-135.42638330749398,3.2235246200870327,-23.290377833624373,5.691486630946849
1057,-135.42638330749398,-3.2235246200870327,-23.290377833624373,5.691486630946849
1058,-135.42638330749398,3.2235246200870327,-23.290377833624373,-5.691486630946849
1059,-135.42638330749398,-3.2235246200870327,-23.290377833624373,-5.691486630946849
1060,-47.26103658569218,1.691695324888582,-136.02495719755555,1.092628679680277
1061,-47.26103658569218,-1.691695324888582,-136.02495719755555,1.092628679680277
1062,-47.26103658569218,1.691695324888582,-136.02495719755555,-1.092628679680277
1063,-47.26103658569218,-1.691695324888582,-136.02495719755555,-1.092628679680277
1064,-9.26906375548782,6.230581218254677,-77.1901488090123,20.873539145777755
1065,-9.26906375548782,-6.230581218254677,-77.1901488090123,20.873539145777755
1066,-9.26906375548782,6.230581218254677,-77.1901488090123,-20.873539145777755
1067,-9.26906375548782,-6.230581218254677,-77.1901488090123,-20.873539145777755
1068,-88.49856300128013,0.41543193983629284,-101.51538493322178,20.31174294492309
1069,-88.49856300128013,-0.41543193983629284,-101.51538493322178,20.31174294492309
1070,-88.49856300128013,0.41543193983629284,-101.51538493322178,-20.31174294492309
1071,-88.49856300128013,-0.41543193983629284,-101.51538493322178,-20.31174294492309
1072,-118.85869417479967,5.548077122854827,-118.74997320458874,3.550588268280034
1073,-118.85869417479967,-5.548077122854827,-118.74997320458874,3.550588268280034
1074,-118.85869417479967,5.548077122854827,-118.74997320458874,-3.550588268280034
1075,-118.85869417479967,-5.548077122854827,-118.74997320458874,-3.550588268280034
1076,-137.74130844249504,1.4100604867236355,-2.6001879579205034,0.7416341968714805
1077,-137.74130844249504,-1.4100604867236355,-2.6001879579205034,0.7416341968714805
1078,-137.74130844249504,1.4100604867236355,-2.6001879579205034,-0.7416341968714805
1079,-137.74130844249504,-1.4100604867236355,-2.6001879579205034,-0.7416341968714805
1080,-91.72109843269574,23.91492399967952,-38.400420608080076,12.102243747403906
1081,-91.72109843269574,-23.91492399967952,-38.400420608080076,12.102243747403906
1082,-91.72109843269574,23.91492399967952,-38.400420608080076,-12.102243747403906
1083,-91.72109843269574,-23.91492399967952,-38.400420608080076,-12.102243747403906
1084,-73.0099600030276,46.37141673777519,-26.726375649265727,21.30254320472222
1085,-73.0099600030276,-46.37141673777519,-26.726375649265727,21.30254320472222
1086,-73.0099600030276,46.37141673777519,-26.726375649265727,-21.30254320472222
1087,-73.0099600030276,-46.37141673777519,-26.726375649265727,-21.30254320472222
1088,-22.951789054824758,16.6591533539876,-105.00632165090136,17.07617738709164
1089,-22.951789054824758,-16.6591533539876,-105.00632165090136,17.07617738709164
1090,-22.951789054824758,16.6591533539876,-105.00632165090136,-17.07617738709164
1091,-22.951789054824758,-16.6591533539876,-105.00632165090136,-17.07617738709164
1092,-38.61404858238123,23.269509075204283,-64.50642062718852,61.01137457170786
1093,-38.61404858238123,-23.269509075204283,-64.50642062718852,61.01137457170786
1094,-38.61404858238123,23.269509075204283,-64.50642062718852,-61.01137457170786
1095,-38.61404858238123,-23.269509075204283,-64.50642062718852,-61.01137457170786
1096,-115.01867368999426,7.196564550617729,-22.305491209519865,17.560199155702524
1097,-115.01867368999426,-7.196564550617729,-22.305491209519865,17.560199155702524
1098,-115.01867368999426,7.196564550617729,-22.305491209519865,-17.560199155702524
1099,-115.01867368999426,-7.196564550617729,-22.305491209519865,-17.560199155702524
1100,-96.48646655095,37.655397035313854,-81.64150352549144,34.709176377670374
1101,-96.48646655095,-37.655397035313854,-81.64150352549144,34.709176377670374
1102,-96.48646655095,37.655397035313854,-81.64150352549144,-34.709176377670374
1103,-96.48646655095,-37.655397035313854,-81.64150352549144,-34.709176377670374
1104,-128.54856310702075,7.35015037309319,-53.38365399174543,0.19505255974552643
1105,-128.54856310702075,-7.35015037309319,-53.38365399174543,0.19505255974552643
1106,-128.54856310702075,7.35015037309319,-53.38365399174543,-0.19505255974552643
1107,-128.54856310702075,-7.35015037309319,-53.38365399174543,-0.19505255974552643
1108,-0.365821636714343,0.3515876397531685,-126.5568419016785,9.354565386088986
1109,-0.365821636714343,-0.3515876397531685,-126.5568419016785,9.354565386088986
1110,-0.365821636714343,0.3515876397531685,-126.5568419016785,-9.354565386088986
1111,-0.365821636714343,-0.3515876397531685,-126.5568419016785,-9.354565386088986
1112,-123.52832206099046,15.900705903596755,-90.3544021977899,44.619812569221494
1113,-123.52832206099046,-15.900705903596755,-90.3544021977899,44.619812569221494
1114,-123.52832206099046,15.900705903596755,-90.3544021977899,-44.619812569221494
1115,-123.52832206099046,-15.900705903596755,-90.3544021977899,-44.619812569221494
1116,-104.63482735457944,18.354665624525374,-57.393619949505066,20.801297718674345
1117,-104.63482735457944,-18.354665624525374,-57.393619949505066,20.801297718674345
1118,-104.63482735457944,18.354665624525374,-57.393619949505066,-20.801297718674345
1119,-104.63482735457944,-18.354665624525374,-57.393619949505066,-20.801297718674345
1120,-73.1983000011364,21.883360352049163,-42.89839518581914,11.188164639304054
1121,-73.1983000011364,-21.883360352049163,-42.89839518581914,11.188164639304054
1122,-73.1983000011364,21.883360352049163,-42.89839518581914,-11.188164639304054
1123,-73.1983000011364,-21.883360352049163,-42.89839518581914,-11.188164639304054
1124,-133.80279969367785,0.6964597467206061,-136.68962936207083,1.8980526793754813
1125,-133.80279969367785,-0.6964597467206061,-136.68962936207083,1.8980526793754813
1126,-133.80279969367785,0.6964597467206061,-136.68962936207083,-1.8980526793754813
1127,-133.80279969367785,-0.6964597467206061,-136.68962936207083,-1.8980526793754813
1128,-134.74989322278057,2.0353770797031143,-122.59150760658169,8.943047554060492
1129,-134.74989322278057,-2.0353770797031143,-122.59150760658169,8.943047554060492
1130,-134.74989322278057,2.0353770797031143,-122.59150760658169,-8.943047554060492
1131,-134.74989322278057,-2.0353770797031143,-122.59150760658169,-8.943047554060492
1132,-27.35147866798672,10.49768234976529,-99.31801955648663,8.488676036152048
1133,-27.35147866798672,-10.49768234976529,-99.31801955648663,8.488676036152048
1134,-27.35147866798672,10.49768234976529,-99.31801955648663,-8.488676036152048
1135,-27.35147866798672,-10.49768234976529,-99.31801955648663,-8.488676036152048
1136,-42.114269628618615,1.7975708986918253,-5.0717882288774785,4.6918119453216525
1137,-42.114269628618615,-1.7975708986918253,-5.0717882288774785,4.6918119453216525
1138,-42.114269628618615,1.7975708986918253,-5.0717882288774785,-4.6918119453216525
1139,-42.114269628618615,-1.7975708986918253,-5.0717882288774785,-4.6918119453216525
1140,-46.242641556632115,9.407469809970854,-90.19542314227587,0.3179647501993223
1141,-46.242641556632115,-9.407469809970854,-90.19542314227587,0.3179647501993223
1142,-46.242641556632115,9.407469809970854,-90.19542314227587,-0.3179647501993223
1143,-46.242641556632115,-9.407469809970854,-90.19542314227587,-0.3179647501993223
1144,-91.9767126740141,26.206635863692206,-108.30893395714165,25.699084767034115
1145,-91.9767126740141,-26.206635863692206,-108.30893395714165,25.699084767034115
1146,-91.9767126740141,26.206635863692206,-108.30893395714165,-25.699084767034115
1147,-91.9767126740141,-26.206635863692206,-108.30893395714165,-25.699084767034115
1148,-85.58954166054595,13.767921865018055,-62.86837350140873,26.326977696533376
1149,-85.58954166054595,-13.767921865018055,-62.86837350140873,26.326977696533376
1150,-85.58954166054595,13.767921865018055,-62.86837350140873,-26.326977696533376
1151,-85.58954166054595,-13.767921865018055,-62.86837350140873,-26.326977696533376
1152,-131.99681626691205,0.4676678243009611,-39.04934693551256,35.15759675253257
1153,-131.99681626691205,-0.4676678243009611,-39.04934693551256,35.15759675253257
1154,-131.99681626691205,0.4676678243009611,-39.04934693551256,-35.15759675253257
1155,-131.99681626691205,-0.4676678243009611,-39.04934693551256,-35.15759675253257
1156,-35.57818145611291,33.28219507351025,-79.54567670273818,10.597388124531488
1157,-35.57818145611291,-33.28219507351025,-79.54567670273818,10.597388124531488
1158,-35.57818145611291,33.28219507351025,-79.54567670273818,-10.597388124531488
1159,-35.57818145611291,-33.28219507351025,-79.54567670273818,-10.597388124531488
1160,-130.4521282147515,3.192733256895838,-56.99200691536596,39.991486703691415
1161,-130.4521282147515,-3.192733256895838,-56.99200691536596,39.991486703691415
1162,-130.4521282147515,3.192733256895838,-56.99200691536596,-39.991486703691415
1163,-130.4521282147515,-3.192733256895838,-56.99200691536596,-39.991486703691415
1164,-52.857671192279305,19.016881573448167,-96.125459262152,15.804685130593885
1165,-52.857671192279305,-19.016881573448167,-96.125459262152,15.804685130593885
1166,-52.857671192279305,19.016881573448167,-96.125459262152,-15.804685130593885
1167,-52.857671192279305,-19.016881573448167,-96.125459262152,-15.804685130593885
1168,-51.87155946465265,36.58274361961095,-122.0196536716243,5.491046091703022
1169,-51.87155946465265,-36.58274361961095,-122.0196536716243,5.491046091703022
1170,-51.87155946465265,36.58274361961095,-122.0196536716243,-5.491046091703022
1171,-51.87155946465265,-36.58274361961095,-122.0196536716243,-5.491046091703022
1172,-113.02478720015036,19.66875244873781,-89.35440244192638,13.871729661377358
1173,-113.02478720015036,-19.66875244873781,-89.35440244192638,13.871729661377358
1174,-113.02478720015036,19.66875244873781,-89.35440244192638,-13.871729661377358
1175,-113.02478720015036,-19.66875244873781,-89.35440244192638,-13.871729661377358
1176,-2.0125013056105145,0.5572993245811841,-33.40178465132059,22.90923440487401
1177,-2.0125013056105145,-0.5572993245811841,-33.40178465132059,22.90923440487401
1178,-2.0125013056105145,0.5572993245811841,-33.40178465132059,-22.90923440487401
1179,-2.0125013056105145,-0.5572993245811841,-33.40178465132059,-22.90923440487401
1180,-22.213733667226553,10.61558692325084,-69.80940401633679,36.00464901660497
1181,-22.213733667226553,-10.61558692325084,-69.80940401633679,36.00464901660497
1182,-22.213733667226553,10.61558692325084,-69.80940401633679,-36.00464901660497
1183,-22.213733667226553,-10.61558692325084,-69.80940401633679,-36.00464901660497
1184,-3.613139488648245,1.8682497372548088,-112.55282269353994,24.524629769434117
1185,-3.613139488648245,-1.8682497372548088,-112.55282269353994,24.524629769434117
1186,-3.613139488648245,1.8682497372548088,-112.55282269353994,-24.524629769434117
1187,-3.613139488648245,-1.8682497372548088,-112.55282269353994,-24.524629769434117
1188,-10.056408645839884,7.3795851696799915,-118.89603077299813,10.659468625573961
1189,-10.056408645839884,-7.3795851696799915,-118.89603077299813,10.659468625573961
1190,-10.056408645839884,7.3795851696799915,-118.89603077299813,-10.659468625573961
1191,-10.056408645839884,-7.3795851696799915,-118.89603077299813,-10.659468625573961
1192,-113.88454025356076,14.32255815177627,-112.94701893199891,7.292096168138732
1193,-113.88454025356076,-14.32255815177627,-112.94701893199891,7.292096168138732
1194,-113.88454025356076,14.32255815177627,-112.94701893199891,-7.292096168138732
1195,-113.88454025356076,-14.32255815177627,-112.94701893199891,-7.292096168138732
1196,-35.141498081126585,22.53729521140757,-23.748110665812657,13.640027146819554
1197,-35.141498081126585,-22.53729521140757,-23.748110665812657,13.640027146819554
1198,-35.141498081126585,22.53729521140757,-23.748110665812657,-13.640027146819554
1199,-35.141498081126585,-22.53729521140757,-23.748110665812657,-13.640027146819554
